name,danceability,energy,key,loudness,mode,speechiness,acousticness,instrumentalness,liveness,valence,tempo,uri
Run (feat. Ed Sheeran) (Taylor’s Version) (From The Vault),0.61,0.488,3,-6.918,1,0.0293,0.817,0,0.312,0.443,125.039,spotify:track:4IQkfUsrwXol38VV3U7t7T
Beautiful Liar,0.764,0.751,8,-3.74,1,0.0703,0.00554,0.000237,0.164,0.418,91.977,spotify:track:2HWWNoWEEEECwZhAiLg7ib
World We Used To Know,0.48,0.692,11,-5.324,0,0.0582,0.176,0.00011,0.221,0.465,85.343,spotify:track:5I9Qa1LfGcQGCIC32lh9Ka
Sorry,0.542,0.561,5,-7.029,0,0.0485,0.437,0.0704,0.135,0.183,175.998,spotify:track:6k1Q8mNcA2jFH0uv5B6g9G
Paradise,0.777,0.582,0,-6.187,0,0.0354,0.151,0,0.109,0.681,148.921,spotify:track:0QrLeOy3DCNBNQoEwZB1T3
The Closer I Get to You (feat. Beyoncé Knowles),0.63,0.3,0,-9.614,0,0.0521,0.639,0,0.17,0.278,116.153,spotify:track:4BOBfPQGlHSFnnjoXOXj0O
Signs (feat. Missy Elliott),0.373,0.4,7,-9.81,1,0.249,0.151,8.4e-06,0.112,0.398,74.283,spotify:track:77k22jXCMp5dB5UvuV8XXN
Halo,0.422,0.712,11,-5.907,0,0.1,0.273,0,0.051,0.471,78.454,spotify:track:2CvOqDpQIMw69cCzWqr5yr
august,0.532,0.623,5,-9.208,1,0.0331,0.538,7.28e-05,0.0925,0.403,89.937,spotify:track:3hUxzQpSfdDqwM3ZTFQY0K
Can I Get It,0.703,0.68,9,-6.118,0,0.0431,0.0171,0,0.178,0.536,97.985,spotify:track:6w8ZPYdnGajyfPddTWdthN
My Little Love,0.339,0.492,1,-10.661,1,0.0559,0.829,0.00377,0.147,0.102,151.865,spotify:track:2DuPBbS5mIldXnh7Wum8Cy
Easy On Me,0.604,0.366,5,-7.519,1,0.0282,0.578,0,0.133,0.13,141.981,spotify:track:46IZ0fSY2mpAiktS3KOqds
World We Used To Know,0.467,0.705,11,-4.761,0,0.0578,0.167,9.75e-05,0.18,0.418,85.365,spotify:track:1I8pMiv8c8mTP0fvt0pqQs
State Of Grace (Acoustic Version) (Taylor's Version),0.445,0.131,7,-13.778,1,0.0564,0.663,1.57e-06,0.108,0.101,208.918,spotify:track:5jAIouBES8LWMiriuNq170
The Moment I Knew (Taylor's Version),0.636,0.402,7,-7.855,1,0.031,0.0494,0,0.107,0.208,125.952,spotify:track:0NRHj8hDwwmSPaA41o379r
Everything Has Changed (feat. Ed Sheeran) (Taylor’s Version),0.498,0.61,6,-5.098,1,0.0363,0.271,0,0.223,0.474,79.918,spotify:track:7qEUFOVcxRI19tbT68JcYK
Sad Beautiful Tragic (Taylor's Version),0.601,0.406,7,-11.827,1,0.0275,0.622,9.19e-05,0.133,0.232,130.059,spotify:track:73qMN9bXy7MSPwwGfH3wQr
Holy Ground (Taylor's Version),0.622,0.809,9,-5.623,1,0.0638,0.0288,0.00218,0.109,0.511,156.894,spotify:track:7J4b3LVCIGO4CMBDFLPoP6
The Last Time (feat. Gary Lightbody of Snow Patrol) (Taylor’s Version),0.502,0.534,2,-5.954,1,0.0278,0.0399,0,0.0977,0.155,94.05,spotify:track:0y6kdSRCVQhSsHSpWvTUm7
Stay Stay Stay (Taylor's Version),0.693,0.681,0,-7.039,1,0.025,0.0848,0,0.0768,0.663,100.02,spotify:track:7eQj6r5PIdYKEIZjucBMcq
Treacherous (Taylor's Version),0.645,0.593,2,-6.506,1,0.0288,0.0344,0.000127,0.13,0.299,109.984,spotify:track:3S7HNKPakdwNEBFIVTL6dZ
Better Man (Taylor's Version) (From The Vault),0.473,0.579,4,-5.824,1,0.0384,0.214,0,0.0877,0.255,73.942,spotify:track:4OmFmE0fzcMG6g0Y8p4eSD
The Very First Night (Taylor's Version) (From The Vault),0.678,0.733,7,-5.025,1,0.0281,0.00115,0,0.104,0.581,121.009,spotify:track:6pYNq0ZwpPVazKzsqpf0G8
Message In A Bottle (Taylor's Version) (From The Vault),0.622,0.791,7,-6.106,1,0.0535,0.00188,3.72e-06,0.083,0.494,115.915,spotify:track:3z6XUommYDWPHeFhmhhT6j
Nothing New (feat. Phoebe Bridgers) (Taylor’s Version) (From The Vault),0.606,0.377,0,-9.455,1,0.0275,0.817,0,0.154,0.446,101.96,spotify:track:01K4zKU104LyJ8gMb7227B
State Of Grace (Taylor's Version),0.594,0.713,9,-5.314,1,0.0503,0.000328,0,0.114,0.328,129.958,spotify:track:6lzc0Al0zfZOIFsFvBS1ki
Come Back...Be Here (Taylor's Version),0.46,0.632,4,-6.031,1,0.0302,0.0158,0,0.0822,0.399,79.846,spotify:track:4pNApnaUWAL2J4KO2eqokq
We Are Never Ever Getting Back Together (Taylor's Version),0.567,0.686,7,-6.139,1,0.175,0.0317,1.86e-06,0.0732,0.716,172.014,spotify:track:5YqltLsjdqFtvqE7Nrysvs
I Almost Do (Taylor's Version),0.511,0.559,4,-6.587,1,0.0264,0.0167,0,0.113,0.248,145.88,spotify:track:2r9CbjYgFhtAmcFv1cSquB
All Too Well (Taylor's Version),0.44,0.528,0,-7.809,1,0.0317,0.0171,0.00203,0.234,0.132,185.972,spotify:track:3nsfB1vus2qaloUdcBZvDu
I Knew You Were Trouble (Taylor's Version),0.584,0.557,6,-6.371,1,0.0342,0.0129,0,0.0576,0.767,154.008,spotify:track:6AtZLIzUINvExIUy4QhdjP
Red (Taylor's Version),0.516,0.777,1,-4.908,0,0.0375,0.00108,1.62e-06,0.0761,0.408,125.047,spotify:track:4OAuvHryIVv4kMDNSLuPt6
All Too Well (10 Minute Version) (Taylor's Version) (From The Vault),0.631,0.518,0,-8.771,1,0.0303,0.274,0,0.088,0.205,93.023,spotify:track:5enxwA8aAbwZbf5qCHORXi
Falling,0.567,0.267,4,-6.502,1,0.0299,0.839,1.46e-06,0.089,0.0592,110.011,spotify:track:1ZMiCix7XSAbfAJlEZWMCp
Lights Up,0.575,0.621,10,-8.165,0,0.032,0.0392,0.0045,0.141,0.27,101.987,spotify:track:4jAIqgrPjKLTY9Gbez25Qb
Sweet Creature,0.427,0.262,7,-8.541,1,0.0276,0.746,0,0.068,0.228,104.085,spotify:track:5kRPPEWFJIMox5qIkQkiz5
Two Ghosts,0.386,0.407,6,-7.095,0,0.0268,0.234,1.86e-06,0.0999,0.456,69.387,spotify:track:4B1rpPmQXwj78wk6aIGwwU
Sign of the Times,0.516,0.595,5,-4.63,1,0.0313,0.0275,0,0.109,0.222,119.972,spotify:track:5Ohxk2dO5COHF1krpoPigN
Chromatica III,0.493,0.373,5,-12.475,1,0.0524,0.952,0.981,0.396,0.565,121.454,spotify:track:6kXRZSe28BawCiEdME8YLk
911,0.789,0.813,5,-4.563,1,0.0374,0.0294,2.07e-06,0.519,0.42,116.007,spotify:track:6qI0MU175Dk2DeoUjlrOpy
Chromatica II,0.184,0.297,2,-14.534,1,0.0359,0.473,0.893,0.527,0.113,75.824,spotify:track:0oQc0F6KUE7QY7k5TU6bic
Chromatica I,0.231,0.457,6,-10.773,0,0.0318,0.0126,0.875,0.327,0.0588,65.827,spotify:track:3CGZ7wfk4skmuyQgua1C1K
Free Woman,0.731,0.927,0,-3.634,1,0.0781,0.0228,7.15e-05,0.187,0.478,119.006,spotify:track:4L6ihclQPu1hqP9r3WNJjQ
Before I Cry,0.48,0.56,2,-5.196,1,0.0373,0.157,0,0.168,0.167,146.41,spotify:track:1JcjOWpaQr2crUaJj2kRYQ
Is That Alright?,0.557,0.279,6,-7.757,1,0.0372,0.868,1.25e-05,0.0978,0.263,102.727,spotify:track:378u8gf9qpJ4ZhxHEvrodl
I Don't Know What Love Is,0.421,0.535,0,-6.556,1,0.0288,0.348,0.000194,0.194,0.221,62.671,spotify:track:3PPeqAc0fCfFdh8cUYShn6
Heal Me,0.606,0.544,9,-8.36,0,0.0593,0.0481,0,0.0916,0.456,86.013,spotify:track:5eRo6g2COIM4OE3UEHMA4g
Look What I Found,0.849,0.493,1,-4.1,0,0.0417,0.456,0.000463,0.133,0.447,97.012,spotify:track:6Id5RM56PFn2hB4I0ox0WA
Music To My Eyes,0.625,0.356,2,-9.044,1,0.0319,0.392,0.00129,0.1,0.325,114.805,spotify:track:5IXk9TVBuxG87sFrwclBJw
Alice,0.723,0.88,11,-4.287,0,0.038,0.00334,0.0179,0.0632,0.323,123.036,spotify:track:41A89rj3GoMG6ktN37L7PG
The Queen,0.368,0.833,6,-5.869,0,0.0464,0.000154,0.00651,0.0545,0.482,143.982,spotify:track:0sUT8GAOF12VKvqJIMtUGP
Hair,0.57,0.923,5,-3.433,1,0.063,0.00116,9.01e-06,0.141,0.403,135.006,spotify:track:4u8q2Gddnu8jqCFzxm5IZs
Born This Way,0.587,0.828,11,-5.108,1,0.161,0.00327,0,0.331,0.494,123.907,spotify:track:30XU4suKzCeoCK9YFzdufg
Marry The Night,0.612,0.877,0,-4.43,1,0.064,0.000992,0.00563,0.462,0.38,131.068,spotify:track:02d1E4NRuh7OEQO4vCb9PD
The Fame,0.816,0.694,5,-3.325,1,0.0504,0.0296,1.48e-05,0.035,0.966,127.021,spotify:track:3HhAZV8ngUOOt4eUHovhud
Poker Face,0.851,0.806,4,-4.62,1,0.0787,0.118,1.64e-06,0.121,0.787,118.999,spotify:track:1QV6tiMFM6fSOKOGLMHYYg
Sweetest Devotion,0.416,0.752,0,-5.471,1,0.0396,0.251,0,0.125,0.266,155.89,spotify:track:2Eb7QQ5soJQBEYTfSb5BS6
All I Ask,0.591,0.28,4,-5.494,1,0.0283,0.889,0,0.124,0.348,141.916,spotify:track:6DEMMeWXfmFAXgDUMMzeg6
Water Under the Bridge,0.59,0.833,5,-6.503,0,0.0615,0.0142,5.4e-06,0.105,0.538,94.963,spotify:track:2DRMuw0U0QbkVQxWxdJV3M
Remedy,0.405,0.3,2,-6.475,1,0.0378,0.894,0,0.154,0.24,162.355,spotify:track:1zZh6zTXcDgvN0C6S1G4gU
When We Were Young,0.376,0.595,3,-5.936,1,0.0496,0.303,0,0.095,0.265,144.361,spotify:track:6O5TrlFWTYvznd9fMC0VvU
Love In The Dark,0.331,0.341,9,-6.057,0,0.0309,0.528,0,0.109,0.152,109.821,spotify:track:0DuWDLjriRPjDRoPgaCslY
Lovesong,0.689,0.369,0,-9.407,0,0.0278,0.693,0.00236,0.111,0.361,116.885,spotify:track:2PPN1HFpVotjq7oJIqQbnx
One And Only,0.528,0.468,5,-5.306,1,0.0287,0.295,0,0.165,0.185,154.974,spotify:track:5W63Zcirj6bvnTxhVIKTSK
I'll Be Waiting,0.547,0.848,2,-2.684,1,0.0367,0.049,0,0.114,0.749,160.063,spotify:track:42Uw9frN5ZVX40mRU3hHFL
Set Fire to the Rain,0.603,0.67,2,-3.882,0,0.0249,0.00408,1.68e-06,0.112,0.446,107.993,spotify:track:3di5hcvxxciiqwMH1jarhY
Don't You Remember,0.644,0.4,3,-5.713,1,0.0304,0.214,0,0.0866,0.227,115.025,spotify:track:1CRtJS94Hq3PbBZT9LuF90
Turning Tables,0.353,0.446,0,-6.044,0,0.0285,0.95,1.35e-05,0.132,0.211,155.476,spotify:track:2eF2x1BkgilhaZ2AipRY8j
Tired,0.801,0.663,11,-6.29,1,0.0485,0.181,0.000535,0.0945,0.552,96.991,spotify:track:44LTAQLZPPSgNbmMh5Qacd
Make You Feel My Love,0.317,0.172,10,-10.636,1,0.0326,0.907,0.000383,0.105,0.0963,65.18,spotify:track:5PuJtgZFBzZ98GIWDpS2sF
Melt My Heart To Stone,0.353,0.388,11,-7.091,0,0.0366,0.346,0,0.215,0.19,80.67,spotify:track:1Ty11iX5DIhZRRD9zCHP3l
Crazy For You,0.707,0.139,7,-12.3,1,0.0507,0.91,0,0.105,0.323,85.868,spotify:track:2Mu0WHDu931jSNOC6GDIp5
Cold Shoulder,0.65,0.82,0,-5.344,1,0.047,0.00217,0,0.133,0.35,109.955,spotify:track:78foNmu2hGDPwm3cJVlikF
Chasing Pavements,0.616,0.47,5,-6.092,0,0.0253,0.291,0,0.111,0.325,80.03,spotify:track:4YoGMmUJJ9dZpQ2CLOmPl2
Daydreamer,0.807,0.105,9,-13.188,1,0.0412,0.964,0,0.103,0.372,109.014,spotify:track:0SA1xt4HUX5ny8xfgHOqQI
Be Right Now,0.501,0.684,11,-6.706,1,0.0566,0.00494,0.000478,0.0524,0.442,131.952,spotify:track:3BiiSLo0wyHAY7lpCEO6ge
Visiting Hours,0.471,0.396,8,-6.654,1,0.0336,0.77,0,0.0729,0.263,149.609,spotify:track:0rt63HYAAIzUZo5O2D0uA6
Love In Slow Motion,0.485,0.54,1,-5.4,1,0.0253,0.668,0,0.0849,0.426,62.631,spotify:track:1i4F583d9v9RabcfOlKKVL
Stop The Rain,0.686,0.765,8,-4.778,1,0.118,0.0122,0,0.127,0.743,99.998,spotify:track:0VuDtcT7H4CAljLZEH021x
Shivers,0.788,0.859,2,-2.724,1,0.0856,0.281,0,0.0424,0.822,141.02,spotify:track:50nfwKoDiSYg8zOCREWAm5
Leave Your Life,0.578,0.558,2,-5.438,1,0.0872,0.236,0,0.143,0.54,75.087,spotify:track:0YbI9lWxUBsCJLb6EBydkr
The Joker And The Queen,0.567,0.211,0,-9.975,1,0.0315,0.952,5.24e-05,0.275,0.289,134.019,spotify:track:3NuLxTXowTRcguTh9RsPmM
Overpass Graffiti,0.52,0.849,9,-3.794,0,0.186,0.00253,0,0.119,0.774,175.908,spotify:track:4btFHqumCO31GksfuBLLv3
Bad Habits,0.807,0.893,11,-3.745,0,0.0347,0.0451,2.79e-05,0.366,0.537,126.011,spotify:track:3rmo8F54jFF8OgYsqTxm5d
Easy On Me,0.604,0.366,5,-7.519,1,0.0282,0.578,0,0.133,0.13,141.981,spotify:track:0gplL1WMoJ6iYaPgMCL0gX
"Al'Naito (The Flame) - from ""The Wheel Of Time"" soundtrack",0.397,0.677,5,-8.781,0,0.0493,0.00412,3.57e-05,0.106,0.12,124.941,spotify:track:3Uw1juuq3Ch2hdghOcfl6M
Scars To Your Beautiful,0.319,0.739,0,-5.74,1,0.272,0.0285,0,0.111,0.449,194.169,spotify:track:42ydLwx4i5V49RXHOozJZq
Bohemian Rhapsody,0.39,0.397,0,-9.963,0,0.0513,0.287,0,0.207,0.246,144.031,spotify:track:3z8h0TU7ReDPLIbEnYhWZb
Rewrite The Stars,0.684,0.619,10,-7.005,1,0.0386,0.0716,0,0.122,0.284,125.046,spotify:track:630sXRhIcfwr2e4RdNtjKN
Untouchable (Taylor’s Version),0.393,0.531,5,-6.112,1,0.0329,0.0181,0,0.169,0.224,200.391,spotify:track:0tQ9vBYpldCuikPsbgOVKA
I'll Never Love Again - Extended Version,0.406,0.359,7,-6.145,1,0.0293,0.685,3.67e-06,0.122,0.202,109.246,spotify:track:2fbJ5Msx8KoDKpyufH5YsU
Bad Romance,0.696,0.921,0,-3.755,1,0.0363,0.00314,5.24e-05,0.0842,0.714,119.001,spotify:track:0SiywuOBRcynK0uKGWdCnn
Stronger,0.707,0.923,11,-3.957,1,0.0521,0.128,0.000437,0.273,0.842,108.049,spotify:track:5QhBKPqsnX1uY9fZNaAtZg
A Thousand Years,0.421,0.407,10,-7.445,1,0.0267,0.309,0.000961,0.11,0.161,139.028,spotify:track:6lanRgr6wXibZr8KgzXxBl
Shameless,0.377,0.651,4,-5.437,0,0.0589,0.0197,5.31e-05,0.174,0.0851,129.607,spotify:track:2ogKhhoMClkFXek7ZgxAhN
evermore (feat. Bon Iver),0.39,0.27,1,-10.673,1,0.0308,0.937,0.00227,0.111,0.32,125.177,spotify:track:3O5osWf1rSoKMwe6E9ZaXP
Shake It Off,0.647,0.8,7,-5.384,1,0.165,0.0647,0,0.334,0.942,160.078,spotify:track:0cqRj7pUJDkTCEsJkx8snD
Rolling in the Deep,0.73,0.769,8,-5.114,1,0.0298,0.138,0,0.0473,0.507,104.948,spotify:track:4OSBTYWVwsQhGLF9NHvIbR
Someone Like You,0.556,0.319,9,-8.251,1,0.0281,0.893,0,0.0996,0.294,135.187,spotify:track:3bNv3VuUOKgrf5hu3YcuRo
Hello,0.578,0.43,5,-6.134,0,0.0305,0.33,0,0.0854,0.288,78.991,spotify:track:1Yk0cQdMLx5RzzFTYwmuld
Toxic,0.774,0.838,5,-3.914,0,0.114,0.0249,0.025,0.242,0.924,143.04,spotify:track:6I9VzXrHxO9rA9A5euc8Ak
Oops!...I Did It Again,0.751,0.834,1,-5.444,0,0.0437,0.3,1.77e-05,0.355,0.894,95.053,spotify:track:6naxalmIoLFWR0siv8dnQQ
Let Me Love You,0.649,0.716,8,-5.371,1,0.0349,0.0863,2.63e-05,0.135,0.163,99.988,spotify:track:0lYBSQXN6rCTvUZvg9S0lU
Love Yourself,0.609,0.378,4,-9.828,1,0.438,0.835,0,0.28,0.515,100.418,spotify:track:50kpGaPAhYJ3sGmk6vplg0
Stuck with U (with Justin Bieber),0.597,0.45,8,-6.658,1,0.0418,0.223,0,0.382,0.537,178.765,spotify:track:4HBZA5flZLE435QTztThqH
Used to This,0.583,0.495,1,-7.681,0,0.0813,0.361,3.35e-06,0.348,0.364,100.047,spotify:track:3r73OmpBtQAwMgawxOmlg0
Never Be the Same,0.637,0.713,0,-4.333,1,0.0747,0.181,0.000637,0.137,0.243,129.923,spotify:track:4eWQlBRaTjPPUlzacqEeoQ
Real Friends,0.726,0.304,3,-8.677,1,0.131,0.839,0,0.0853,0.813,91.97,spotify:track:3iq9nhbI8fcnNamxMft1uv
My Oh My (feat. DaBaby),0.724,0.491,8,-6.024,1,0.0296,0.018,1.29e-05,0.0887,0.383,105.046,spotify:track:3yOlyBJuViE2YSGn3nVE1K
Living Proof,0.735,0.514,7,-5.464,1,0.082,0.109,0,0.359,0.517,77.566,spotify:track:4jFD7byoPdGkEdjHLMduR9
Living Proof,0.735,0.514,7,-5.464,1,0.082,0.109,0,0.359,0.517,77.566,spotify:track:1jg9clsGCDqOumfS0X5xm9
"Million To One - from the Amazon Original Movie ""Cinderella""",0.511,0.466,7,-5.927,1,0.0298,0.583,0,0.117,0.278,150.022,spotify:track:3lzYrD0WcgGFiAFKkB2shE
This Is Why We Can't Have Nice Things,0.567,0.789,5,-5.986,1,0.115,0.0156,0,0.382,0.438,163.96,spotify:track:07NxDD1iKCHbAldceD7QLP
Don't Go Yet,0.666,0.796,10,-6.967,0,0.103,0.0492,0,0.0442,0.61,110.108,spotify:track:1058fW9H3fZA6QjYCdOBad
I'll Never Love - Extended Version - Radio Edit,0.403,0.356,7,-6.173,1,0.0287,0.712,2.04e-06,0.109,0.194,108.989,spotify:track:54e5nUP7pHqVfaiCsq9FpW
I Knew You Were Trouble.,0.622,0.469,3,-6.798,0,0.0363,0.00454,2.25e-06,0.0335,0.679,77.019,spotify:track:3lKZf71jeNi14udIFPJ29V
How Far I'll Go,0.571,0.307,1,-10.958,0,0.0499,0.649,0,0.178,0.108,83.72,spotify:track:1ERshJBUZysordGDZr5B3t
You'll Be In My Heart,0.568,0.748,8,-6.54,1,0.0299,0.0626,2.18e-06,0.0947,0.623,96.59,spotify:track:4Y8vb1uy9IjM2V1hqvrAid
"Colors of the Wind - From ""Pocahontas"" / Soundtrack Version",0.272,0.164,1,-17.04,1,0.046,0.929,0.0011,0.109,0.228,81.551,spotify:track:1OYOLWqKmhkFIx2KC9ek1a
You'll Be In My Heart,0.353,0.165,9,-16.995,1,0.0395,0.883,0,0.168,0.339,102.35,spotify:track:7C11GdiguhLd9j7Y6jHFm9
Oxytocin,0.757,0.598,11,-7.777,1,0.058,0.0904,0.551,0.15,0.18,124.951,spotify:track:4t2OeILB07eMGTXSUbMPEu
Happier Than Ever,0.332,0.225,0,-8.697,1,0.0348,0.767,0.00349,0.128,0.297,81.055,spotify:track:4RVwu0g32PAqgUiJoXsdF8
tolerate it,0.316,0.361,9,-10.381,1,0.0488,0.878,2.67e-05,0.0797,0.221,74.952,spotify:track:0PurA4JVJ8YQgSVopY8fn6
Wolves,0.724,0.804,11,-4.614,0,0.0448,0.124,0,0.204,0.306,124.987,spotify:track:0tBbt8CrmxbjRP0pueQkyU
Your Power,0.632,0.284,9,-14.025,0,0.0801,0.932,0.000476,0.233,0.208,129.642,spotify:track:042Sl6Mn83JHyLEqdK7uI0
Lost Cause,0.526,0.334,10,-8.491,0,0.251,0.702,0.00782,0.0586,0.522,74.966,spotify:track:4191RXFPa7Ge9XkA4cWlna
Havana (feat. Young Thug),0.765,0.523,2,-4.333,1,0.03,0.184,3.56e-05,0.132,0.394,104.988,spotify:track:1rfofaqEpACxVEHIZBJe6W
Criminal,0.696,0.734,7,-5.294,1,0.0298,0.0485,0,0.183,0.711,107.987,spotify:track:6T689Jvh5KrSXyaPtUWZtQ
Red,0.602,0.896,1,-4.267,0,0.0437,0.0773,8.87e-05,0.0911,0.641,124.978,spotify:track:7gJtmLyPTwKzhGzMBXtuXH
Sweet Dreams,0.766,0.817,7,-4.253,1,0.035,0.0239,2.49e-06,0.159,0.43,125.033,spotify:track:4uDhts78RdwIDjEqPrYVKp
Shallow,0.572,0.385,7,-6.362,1,0.0308,0.371,0,0.231,0.323,95.799,spotify:track:2VxeLyX666F8uXCJ0dZF8B
Rain On Me (with Ariana Grande),0.672,0.855,9,-3.764,1,0.0397,0.021,0,0.323,0.646,123.056,spotify:track:7ju97lgwC2rKQ6wwsf9no9
On The Ground,0.311,0.607,1,-6.578,1,0.11,0.0174,0,0.131,0.286,188.7,spotify:track:2xgACMNtJ5YktyvOC83SPO
Someone You Loved,0.501,0.405,1,-5.679,1,0.0319,0.751,0,0.105,0.446,109.891,spotify:track:7qEHsqek33rTcFNT9PFqLf
A Thousand Years,0.421,0.407,10,-7.445,1,0.0267,0.309,0.000961,0.11,0.161,139.028,spotify:track:6z5Yh7kOKeLjqIsNdokIpU
Always Remember Us This Way,0.553,0.502,0,-5.972,1,0.0409,0.299,0,0.764,0.296,129.976,spotify:track:2rbDhOo9Fh61Bbu23T2qCk
Shallow - Radio Edit,0.575,0.33,7,-6.557,1,0.031,0.416,0,0.0872,0.277,95.801,spotify:track:6QfS2wq5sSC1xAJCQsTSlj
Bad Habits,0.808,0.897,11,-3.712,0,0.0348,0.0469,3.14e-05,0.364,0.591,126.026,spotify:track:6PQ88X9TkUIAUIZJHW2upE
All Too Well,0.602,0.609,0,-7.803,1,0.0243,0.0382,0.0002,0.128,0.337,93.06,spotify:track:6GNRkaWUB0Lwc19SdkTgx8
The A Team,0.642,0.289,9,-9.918,1,0.0367,0.669,0,0.18,0.407,84.996,spotify:track:1VdZ0vKfR5jneCmWIUAMxK
There's Nothing Holdin' Me Back,0.866,0.813,11,-4.063,0,0.0554,0.38,0,0.0779,0.969,121.998,spotify:track:7JJmb5XwzOO8jgpou264Ml
We Were Happy (Taylor’s Version) (From The Vault),0.609,0.373,0,-8.819,1,0.0263,0.849,0,0.0779,0.13,106.007,spotify:track:34V9RiEPe8MNdU32qJsJa1
On My Way,0.509,0.689,1,-4.929,0,0.102,0.0209,0,0.301,0.297,170.087,spotify:track:4n7jnSxVLd8QioibtTDBDq
Into the West,0.312,0.031,0,-22.035,1,0.037,0.914,8.81e-06,0.0949,0.0399,92.074,spotify:track:0gSEyG7pOFuHM05433EibX
That’s When (feat. Keith Urban) (Taylor’s Version) (From The Vault),0.588,0.608,5,-7.062,1,0.0365,0.225,0,0.092,0.508,90.201,spotify:track:7eResoqEJJAVTkQYSqvO3P
Mr. Perfectly Fine (Taylor’s Version) (From The Vault),0.66,0.817,11,-6.269,0,0.0521,0.162,0,0.0667,0.714,135.942,spotify:track:2CYVETnhM9aytqrazYYwrK
You All Over Me (feat. Maren Morris) (Taylor’s Version) (From The Vault),0.599,0.494,2,-7.61,1,0.0372,0.816,0,0.101,0.44,142.893,spotify:track:4CHpVfAhuxNJ3ibExe6kxO
Breathe (feat. Colbie Caillat) (Taylor’s Version),0.506,0.626,1,-6.066,1,0.0287,0.156,0,0.228,0.321,148.035,spotify:track:7HC7R2D8WjXVcUHJyEGjRs
You Belong With Me (Taylor’s Version),0.632,0.773,6,-4.856,1,0.0346,0.0623,0,0.0885,0.474,130.033,spotify:track:1qrpoAMXodY6895hGKoUpA
White Horse (Taylor’s Version),0.423,0.517,0,-7.377,1,0.0486,0.369,0,0.177,0.366,185.262,spotify:track:5YL553x8sHderRBDlm3NM3
Hey Stephen (Taylor’s Version),0.788,0.571,6,-6.135,1,0.0296,0.106,0,0.0934,0.797,115.99,spotify:track:550erGcdD9n6PnwxrvYqZT
Love Story (Taylor’s Version),0.627,0.792,2,-4.311,1,0.031,0.13,3.97e-06,0.0845,0.415,119.054,spotify:track:6YvqWjhGD8mB5QXcbcUKtx
Fifteen (Taylor’s Version),0.559,0.646,7,-4.61,1,0.0272,0.116,0,0.32,0.289,95.466,spotify:track:2nqio0SfWg6gh2eCtfuMa5
Fearless (Taylor’s Version),0.569,0.741,5,-4.963,1,0.0282,0.0122,0,0.333,0.43,100.118,spotify:track:77sMIMlNaSURUAXq5coCxE
Jump Then Fall (Taylor’s Version),0.572,0.69,2,-6.201,1,0.0358,0.0474,0,0.0897,0.624,160.111,spotify:track:2m3ObD945KvpE5y9A1eUWm
Forever & Always (Taylor’s Version),0.598,0.821,10,-4.433,1,0.0447,0.0231,0,0.143,0.673,128.03,spotify:track:1msEuwSBneBKpVCZQcFTsU
You All Over Me (feat. Maren Morris) (Taylor’s Version) (From The Vault),0.589,0.496,2,-7.606,1,0.0377,0.818,0,0.101,0.44,142.731,spotify:track:5pcjystBtalYeqaiXCcgEY
willow,0.392,0.579,7,-9.195,1,0.164,0.835,0.00179,0.145,0.549,80.961,spotify:track:3Uo7WG0vmLQ07WB4BDwy7D
Don't Wanna Let You Down,0.651,0.544,6,-6.838,1,0.0824,0.327,1.14e-06,0.0717,0.688,155.95,spotify:track:5LWN8bfW9gwf0kBOGZH3Zd
Lost You,0.706,0.59,6,-5.393,1,0.0401,0.277,0,0.155,0.69,89.998,spotify:track:57xregURRCrNl7IHUp6Qco
bad guy,0.701,0.425,7,-10.965,1,0.375,0.328,0.13,0.1,0.562,135.128,spotify:track:2Fxmhks0bxGSBdJ92vM42m
everything i wanted,0.704,0.225,6,-14.454,0,0.0994,0.902,0.657,0.106,0.243,120.006,spotify:track:3ZCTVFBt2Brf31RLEnCkWJ
Lose You To Love Me,0.488,0.343,4,-8.985,1,0.0436,0.556,0,0.21,0.0978,102.819,spotify:track:4l0Mvzj72xxOpRrp6h8nHi
betty,0.593,0.377,0,-8.761,1,0.0253,0.6,0,0.0976,0.502,95.939,spotify:track:5kI4eCXXzyuIUXjQra0Cxi
A Song for Everything,0.578,0.569,1,-7.863,1,0.0357,0.159,0,0.105,0.187,100.037,spotify:track:59C9WyONT72bKyaystIzjq
The Feels,0.694,0.788,6,-5.33,0,0.0631,0.109,0,0.0647,0.903,96.982,spotify:track:4c10Mtlt9dPeKvP61sicAs
Good Woman,0.346,0.436,2,-6.933,1,0.0287,0.0942,5.57e-06,0.104,0.281,131.718,spotify:track:71K52AGlhXq9wAEl7lE5Yv
Chasing After You (with Maren Morris),0.596,0.679,4,-6.395,1,0.0394,0.723,0,0.116,0.479,131.912,spotify:track:1ZIKpMTRPqhwAoVXWY3tXI
Bluebird,0.661,0.633,7,-5.986,1,0.0348,0.038,2.75e-06,0.124,0.613,81.984,spotify:track:0kPeZAyIhIfeZNrtfjJGDB
Settling Down,0.643,0.756,6,-5.8,0,0.0305,0.0215,0.000268,0.101,0.934,90.001,spotify:track:53bZYxVbCYm6w1Gx8U64bz
Don't Start Now,0.793,0.793,11,-4.521,0,0.083,0.0123,0,0.0951,0.679,123.95,spotify:track:3PfIrDoz19wz7qK7tYeu62
Watermelon Sugar,0.548,0.816,0,-4.209,1,0.0465,0.122,0,0.335,0.557,95.39,spotify:track:6UelLqGlWMcVH1E5c4H7lY
Adore You,0.676,0.771,8,-3.675,1,0.0483,0.0237,7e-06,0.102,0.569,99.048,spotify:track:3jjujdWJ72nww5eGnfs2E7
The Bones,0.612,0.57,11,-6.642,0,0.0347,0.278,0,0.0963,0.334,77.004,spotify:track:7yFhA2fUsL2oIMWlw5DaHQ
Levitating,0.695,0.884,6,-2.278,0,0.0753,0.0561,0,0.213,0.914,103.014,spotify:track:39LLxExYz6ewLAcYrzQQyP
"10,000 Hours (with Justin Bieber)",0.654,0.63,10,-4.644,1,0.0259,0.153,0,0.111,0.43,89.991,spotify:track:2wrJq5XKLnmhRXHIAf9xBa
The Bones - with Hozier,0.561,0.597,11,-6.0,0,0.0405,0.286,0,0.0979,0.355,76.826,spotify:track:1yTTMcUhL7rtz08Dsgb7Qb
What Do You Mean?,0.845,0.567,5,-8.118,0,0.0956,0.59,0.00142,0.0811,0.793,125.02,spotify:track:4B0JvthVoAAuygILe3n4Bs
No Pressure,0.644,0.595,1,-6.877,1,0.215,0.121,0,0.279,0.554,148.889,spotify:track:23UV8pJEvRnAZd6ZAXBC0H
Life Is Worth Living,0.558,0.296,10,-9.18,1,0.0427,0.907,0,0.108,0.463,76.04,spotify:track:4yWCzA44dQyp0SoeM81bUb
Purpose,0.481,0.285,0,-10.848,1,0.0424,0.9,0,0.123,0.316,130.029,spotify:track:2IjyFRCRn8x1bEquOM3vxg
No Sense,0.643,0.499,2,-6.795,0,0.0308,0.0478,0,0.108,0.363,133.978,spotify:track:5L9WFUodzACitS1TiGm7Mi
Get Used To It,0.687,0.705,9,-8.453,0,0.0522,0.0339,0,0.164,0.449,110.048,spotify:track:4AMnUGvZUVJgDuY7rOPzUZ
I'll Show You,0.361,0.608,9,-6.757,0,0.098,0.05,7.96e-05,0.183,0.0789,191.812,spotify:track:0SNIAtRCPVVLoGEPcuHSIc
Monster (Shawn Mendes & Justin Bieber),0.64,0.392,2,-7.246,0,0.0574,0.0593,0,0.0839,0.502,145.838,spotify:track:1HbA4N1MiOsPthALesGFR1
Hold On,0.658,0.634,1,-5.797,0,0.0413,0.0106,0,0.132,0.29,139.98,spotify:track:4u4NyuceXP7Uzh7XFJKCr1
Our Song,0.668,0.672,2,-4.931,1,0.0303,0.111,0,0.329,0.539,89.011,spotify:track:1j6gmK6u4WNI33lMZ8dC1s
Dancing With Our Hands Tied,0.624,0.691,0,-6.686,0,0.196,0.0604,1.1e-05,0.138,0.284,160.024,spotify:track:7I7JbDv63ZJJsSi24DyJrz
Can’t Take My Eyes Off You - BBC Live Version,0.377,0.298,7,-8.687,1,0.0492,0.248,0,0.181,0.197,71.1,spotify:track:1NMV6t8OE4Ax2NkZnfmV1W
Can’t Imagine,0.504,0.158,0,-14.526,1,0.102,0.847,2.42e-06,0.354,0.385,111.832,spotify:track:6aoE1FqaJCXEk5vdOChJRR
Look Up At The Stars,0.459,0.579,2,-4.93,1,0.0315,0.0526,0,0.203,0.461,83.981,spotify:track:3XK7BaY0KkRnu7cpZlOZwI
Always Been You,0.366,0.381,3,-7.134,1,0.0406,0.202,0,0.0828,0.329,127.645,spotify:track:1kAbF9Ef1gwga8Wx9GgFJ2
Monster (Shawn Mendes & Justin Bieber),0.665,0.379,2,-7.432,0,0.0426,0.06,0,0.0841,0.512,73.004,spotify:track:1zFwFZ112by5yUtZOysUJb
24 Hours,0.489,0.369,5,-8.322,1,0.0478,0.471,0.00713,0.123,0.378,85.65,spotify:track:19SSYk30oo7wjtvQO0inc3
Wonder,0.442,0.631,1,-5.096,0,0.05,0.136,2.29e-05,0.133,0.129,139.774,spotify:track:7rV6w1rff0TA61omGxvcCB
Fake A Smile,0.447,0.553,0,-4.817,1,0.0322,0.212,0,0.165,0.252,149.877,spotify:track:6rAGFY9D3ah6Lb7fUgbNNH
"Beauty and the Beast - from the Soundtrack ""Beauty and the Beast""",0.463,0.4,6,-9.999,0,0.0308,0.643,2.46e-05,0.131,0.121,77.314,spotify:track:7B3UAPLYAbwXVgbHSKEaTw
Lover (Remix) [feat. Shawn Mendes],0.448,0.603,7,-7.176,1,0.064,0.433,0,0.0862,0.422,205.272,spotify:track:3i9UVldZOE0aD0JnyfAZZ0
I'm Alive,0.691,0.64,8,-5.087,1,0.0384,0.0247,5.24e-06,0.2,0.452,101.991,spotify:track:2FTZeRHQ4gRPViPMpWL9uX
cardigan,0.613,0.581,0,-8.588,0,0.0424,0.537,0.000345,0.25,0.551,130.033,spotify:track:4R2kfaDFhslZEMJqAFNpdd
"Alone, Pt. II",0.67,0.668,3,-4.306,0,0.0422,0.536,0,0.133,0.608,88.033,spotify:track:0bMbDctzMmTyK2j74j3nF3
Let's Talk About Love,0.555,0.343,7,-10.556,0,0.0289,0.463,7.13e-05,0.138,0.157,124.879,spotify:track:1gVX2sJy1oFzylg4Ew3F2X
Sorry,0.548,0.556,5,-7.048,0,0.0413,0.433,0.0577,0.123,0.169,87.753,spotify:track:65tQ1ZL4Q5uKsghVoj1O8o
Darkside,0.43,0.606,4,-5.115,0,0.0431,0.131,0,0.173,0.123,169.988,spotify:track:6SRWhUJcD2YKahCwHavz3X
Delicate,0.75,0.404,9,-10.178,0,0.0682,0.216,0.000357,0.0911,0.0499,95.045,spotify:track:6NFyWDv5CjfwuzoCkw47Xf
Safe & Sound - from The Hunger Games Soundtrack,0.471,0.3,7,-10.807,1,0.028,0.883,1.05e-05,0.0698,0.289,144.319,spotify:track:0z9UVN8VBHJ9HdfYsOuuNf
Faded,0.468,0.627,6,-5.085,1,0.0476,0.0281,7.97e-06,0.11,0.159,179.642,spotify:track:698ItKASDavgwZ3WjaWjtz
"I Choose - From The Netflix Original Film ""The Willoughbys""",0.66,0.631,0,-6.464,1,0.0764,0.386,0,0.16,0.416,138.007,spotify:track:13QIjo2iGBgl56mNDjJOet
Perfect,0.599,0.448,8,-6.312,1,0.0232,0.163,0,0.106,0.168,95.05,spotify:track:0tgVpDi06FyKpA1z0VMD4v
Tired,0.69,0.876,2,-4.159,1,0.059,0.0428,0,0.147,0.493,123.994,spotify:track:3b5Li4QKDVBx1x7fQuu54a
Lily,0.423,0.634,6,-5.877,0,0.0578,0.196,0,0.189,0.467,150.978,spotify:track:0lks2Kt9veMOFEAPN0fsqN
Sing Me to Sleep,0.474,0.622,4,-6.381,0,0.061,0.0129,3.82e-06,0.327,0.158,176.062,spotify:track:1tfVpMI8G6EakZU4rEja4w
The Spectre,0.654,0.711,1,-7.437,0,0.0383,0.0214,0.00191,0.0903,0.198,127.957,spotify:track:2DGa7iaidT5s0qnINlwMjJ
Alone,0.673,0.914,10,-3.962,1,0.0496,0.229,0.000478,0.186,0.183,97.021,spotify:track:3LlmKSHR3Rs0Y3KHQLAYDk
Señorita,0.759,0.548,9,-6.049,0,0.029,0.0392,0,0.0828,0.749,116.967,spotify:track:6v3KW9xbzN5yKLt9YKDYA2
Perfectly Wrong,0.361,0.311,2,-11.748,0,0.0369,0.872,0,0.0987,0.323,89.362,spotify:track:6nat4Z7iRKWVk1qngQqI0Q
Don't Be A Fool,0.473,0.339,11,-6.039,0,0.0364,0.596,0,0.103,0.265,175.264,spotify:track:7msCKNrI0vZw9H4MIgLnAh
Fallin' All In You,0.853,0.476,8,-6.696,1,0.0361,0.405,0,0.111,0.796,92.038,spotify:track:5EYBryPOgIEPB7r5QIy6eG
Mercy,0.555,0.662,11,-4.952,0,0.0827,0.125,0,0.111,0.356,148.128,spotify:track:0AS63m1wHv9n4VVRizK6Hc
Where Were You In The Morning?,0.716,0.519,7,-7.472,1,0.0554,0.554,0,0.0993,0.466,87.963,spotify:track:376Gg7Oxo5C5jUWDWpVXeI
If I Can't Have You,0.692,0.809,2,-4.198,1,0.0602,0.524,0,0.147,0.864,123.911,spotify:track:6LsAAHotRLMOHfCsSfYCsz
Stitches,0.746,0.754,1,-6.684,1,0.0676,0.0152,0,0.0486,0.746,149.882,spotify:track:3zkWCteF82vJwv0hRLba76
A Little Too Much,0.451,0.507,11,-6.24,1,0.0316,0.473,0,0.108,0.564,165.76,spotify:track:1T7AiFL9ruKKwlONN35Vh0
Nervous,0.841,0.623,0,-6.76,1,0.0776,0.0404,0,0.126,0.744,121.983,spotify:track:5wxurz8J6YlyQRNnGN8zXS
In My Blood,0.622,0.712,5,-7.321,1,0.066,0.0573,0,0.13,0.487,140.025,spotify:track:2QZ7WLBE8h2y1Y5Fb8RYbH
Treat You Better,0.455,0.797,10,-4.133,0,0.36,0.132,0,0.11,0.757,165.717,spotify:track:1rtDwblY1CJ9i490fMzJnc
Sorry,0.654,0.76,0,-3.669,0,0.045,0.0797,0,0.299,0.41,99.945,spotify:track:09CtPGIpYB4BrO8qb1RGsF
right where you left me - bonus track,0.581,0.619,10,-6.524,1,0.0282,0.769,0.000106,0.117,0.645,137.915,spotify:track:3zwMVvkBe2qIKDObWgXw4N
Anyone,0.686,0.538,2,-8.026,1,0.0345,0.181,3.13e-06,0.113,0.584,115.884,spotify:track:31qCy5ZaophVA81wtlwLc4
Mistletoe,0.657,0.56,6,-9.049,0,0.0467,0.498,0,0.0794,0.854,161.993,spotify:track:7xapw9Oy21WpfEcib2ErSA
Shape of You,0.825,0.652,1,-3.183,0,0.0802,0.581,0,0.0931,0.931,95.977,spotify:track:7qiZfU4dY1lWllzX7mPBI3
All By Myself,0.344,0.325,11,-10.005,0,0.0287,0.35,0.0223,0.0686,0.0775,118.515,spotify:track:0gsl92EMIScPGV1AU35nuD
Seduces Me,0.278,0.369,7,-10.364,0,0.0389,0.67,0.00072,0.0865,0.183,176.663,spotify:track:2AOQu67ykWymbJyompxTJ2
Make You Happy,0.572,0.768,5,-6.378,0,0.057,0.0387,0,0.298,0.61,175.827,spotify:track:4YenwP7sh9N4jIb6YP7dEB
Falling Into You,0.371,0.505,2,-9.052,0,0.0314,0.382,0,0.115,0.564,193.246,spotify:track:7KWMxUH7lORLTob6aMpXBU
"Because You Loved Me (Theme from ""Up Close and Personal"")",0.615,0.467,1,-9.883,1,0.0327,0.314,0,0.099,0.177,119.919,spotify:track:28UMiBhn383n9S7GL4tsxD
It's All Coming Back to Me Now,0.384,0.438,0,-9.149,1,0.0362,0.753,0,0.101,0.287,87.903,spotify:track:5EQzuYfTZt7B2LqlvTF49l
Where Is the Love,0.42,0.293,7,-12.177,1,0.0368,0.636,0,0.123,0.111,152.697,spotify:track:5IDjeYet2H8pc0p7EV2Hkz
Us,0.505,0.358,5,-9.303,1,0.0281,0.291,3.39e-06,0.0935,0.174,132.372,spotify:track:478lu5QbS9PdeK0jmEJzOY
Miles to Go (Before I Sleep),0.595,0.449,10,-8.936,1,0.0336,0.234,6.97e-06,0.301,0.431,138.86,spotify:track:3Qq6BnuQjAx9XWY9G699Zj
When I Need You,0.258,0.368,1,-10.353,1,0.0466,0.396,3.76e-06,0.119,0.161,76.843,spotify:track:3UechF8u88C4qkP6jkctNS
Love Is On the Way,0.575,0.347,7,-10.265,0,0.0367,0.507,0,0.135,0.114,112.148,spotify:track:542daUuyOAbVEE9RtI1zgN
Immortality (feat. Bee Gees),0.546,0.315,2,-11.208,1,0.0324,0.601,3.43e-06,0.0795,0.0756,82.951,spotify:track:0HuNPrWCyZpCx59pu9ON99
A New Day Has Come,0.436,0.333,6,-9.869,1,0.0354,0.722,9.61e-06,0.187,0.0609,119.483,spotify:track:6LefIBy3hzTN6Yd1m81gpC
When the Wrong One Loves You Right,0.653,0.878,9,-3.606,1,0.0291,0.142,0.000356,0.0686,0.289,92.974,spotify:track:4aZiCz1tTjBZzqpT68sMEW
The Greatest Reward,0.497,0.43,1,-8.134,1,0.0294,0.596,1.19e-05,0.16,0.172,135.97,spotify:track:5xfgiaYKuvqIEESqkoSzs2
Sorry for Love,0.611,0.908,6,-4.665,0,0.0468,0.0344,3.02e-05,0.127,0.468,125.985,spotify:track:21CY2eITFdWkKFrAZOWRNq
Have You Ever Been In Love,0.464,0.432,6,-7.024,1,0.0312,0.611,0,0.141,0.11,137.482,spotify:track:6EjH7ihkymLIS2Z235vN21
Right In Front of You,0.612,0.602,7,-5.398,1,0.0265,0.259,0,0.161,0.381,99.661,spotify:track:2BoLCHXNjxIiMV7ggkrlDQ
champagne problems,0.462,0.24,0,-12.077,1,0.0377,0.92,0,0.113,0.32,171.319,spotify:track:0sY6ZUTh4yoctD8VIXz339
Dear John,0.583,0.468,4,-5.378,1,0.0278,0.183,1.65e-06,0.111,0.126,119.375,spotify:track:3K2es3gElMRJ3qvmPW442g
Hearts Don't Break Around Here,0.604,0.366,7,-7.881,1,0.0267,0.719,0,0.162,0.181,105.177,spotify:track:2dfHh7ECGxfNqZTQno09Vk
Invisible,0.612,0.394,7,-5.723,1,0.0243,0.637,0,0.147,0.233,96.001,spotify:track:1k3PzDNjg38cWqOvL4M9vq
Tied Together with a Smile,0.479,0.578,2,-4.963,1,0.0294,0.525,0,0.0841,0.192,146.165,spotify:track:2zzxwmoOBnXDT0KnJsoIWk
Teardrops On My Guitar - Radio Single Remix,0.621,0.417,10,-6.941,1,0.0231,0.288,0,0.119,0.289,99.953,spotify:track:2TF4UtYreqNbQ6Z9AccldU
Blank Space,0.76,0.703,5,-5.412,1,0.054,0.103,0,0.0913,0.57,95.997,spotify:track:1u8c2t2Cy7UBoG4ArRcF5g
Style,0.588,0.791,7,-5.595,1,0.0402,0.00245,0.00258,0.118,0.487,94.933,spotify:track:0ug5NqcwcFR2xrfTkc7k8e
State Of Grace,0.588,0.825,4,-5.882,1,0.0328,0.000197,0.00138,0.0884,0.397,129.968,spotify:track:0b16LTzby1YRVd2nq2Z0fw
evermore (feat. Bon Iver),0.395,0.27,1,-10.672,1,0.0309,0.937,0.00249,0.111,0.314,120.94,spotify:track:0AaV4MJrgmLV3XhoiWXjjb
"Touch The Sky - From ""Brave""/Soundtrack",0.372,0.641,2,-7.954,1,0.047,0.137,0,0.103,0.33,119.013,spotify:track:5yyqx4brn6Bm9U1Rj9ENnz
How Far I'll Go - Alessia Cara Version,0.31,0.54,9,-9.629,1,0.346,0.163,0.000129,0.0713,0.148,180.994,spotify:track:1ehPJRt49h6N0LoryqKZXq
Tenerife Sea,0.53,0.346,8,-10.497,1,0.0376,0.697,1.07e-05,0.105,0.359,121.876,spotify:track:1HbcclMpw0q2WDWpdGCKdS
One,0.464,0.321,2,-11.12,1,0.0418,0.877,0,0.0789,0.306,93.528,spotify:track:5TvFfDlVoUWZvfqrhTJzD7
Autumn Leaves - Deluxe Edition,0.555,0.257,10,-12.637,1,0.0299,0.892,1.42e-06,0.124,0.431,89.013,spotify:track:7iBSkXB0pTvZasOLf0Qxk9
Grade 8,0.74,0.807,0,-9.976,0,0.0363,0.0446,4.02e-05,0.0538,0.781,101.042,spotify:track:0obzwoGjXdORtAwYWZ9s53
Drunk,0.733,0.652,7,-9.101,1,0.0696,0.419,2.37e-06,0.521,0.459,99.998,spotify:track:4RnCPWlBsY7oUDdyruod7Y
The A Team,0.642,0.289,9,-9.918,1,0.0367,0.669,0,0.18,0.407,84.996,spotify:track:1XpYodsD36XN7ygcdF7mJJ
Lego House,0.592,0.637,11,-8.48,1,0.0992,0.562,0,0.13,0.565,159.701,spotify:track:5ubHAQtKuFfiG4FXfLP804
Thinking out Loud,0.781,0.445,2,-6.061,1,0.0295,0.474,0,0.184,0.591,78.998,spotify:track:34gCuhDGsG4bRPIf9bb02f
Photograph,0.614,0.379,4,-10.48,1,0.0476,0.607,0.000464,0.0986,0.201,107.989,spotify:track:1HNkqx9Ahdgi1Ixy2xkKkL
Afterglow,0.641,0.324,11,-5.851,1,0.0299,0.698,0,0.328,0.273,110.184,spotify:track:0E4Y1XIbs8GrAT1YqVy6dq
"Main Titles - The Little Mermaid - From ""The Little Mermaid""/Score",0.0912,0.195,7,-16.486,1,0.0366,0.811,0.786,0.27,0.158,86.253,spotify:track:09HBvmj0dUeQYHGbKJefR5
"Kiss the Girl - From ""The Little Mermaid""/ Soundtrack Version",0.667,0.239,0,-15.923,1,0.0481,0.686,0,0.104,0.721,134.857,spotify:track:4HGIPyqDxSf863tPOwXiLJ
"Under the Sea - From ""The Little Mermaid"" / Soundtrack Version",0.511,0.475,10,-14.667,1,0.161,0.708,0,0.105,0.819,98.957,spotify:track:6oYkwjI1TKP9D0Y9II1GT7
"Part of Your World - From ""The Little Mermaid"" / Soundtrack Version",0.274,0.144,5,-14.516,1,0.0482,0.92,0.000388,0.29,0.302,61.551,spotify:track:7tUSJY4nsDBJTjd1UXKRsT
"Kingdom Dance - From ""Tangled""/Score",0.239,0.614,4,-9.819,1,0.0773,0.0904,0.403,0.129,0.47,155.658,spotify:track:0jkGkwy510cvhy0jYPFme4
How Does A Moment Last Forever,0.281,0.273,1,-9.128,1,0.0325,0.89,0,0.287,0.348,79.893,spotify:track:0CJvw1j88DGbvDhqmjJgc8
"Beauty and the Beast - From ""Beauty and the Beast"" / Duet",0.297,0.39,6,-10.687,0,0.034,0.663,2.13e-05,0.155,0.161,153.551,spotify:track:1lb36bFPzVYUBER5QatHAY
"Something There - From ""Beauty and the Beast""/Soundtrack Version",0.588,0.325,1,-10.926,1,0.0374,0.836,1.16e-06,0.127,0.569,126.127,spotify:track:6mDxu0xwhv5tn1oMTNUypu
"Belle Reprise - From ""Beauty and the Beast""/Soundtrack Version",0.429,0.148,11,-15.097,1,0.0751,0.854,0,0.349,0.345,79.904,spotify:track:34XWBbHC4hsTBDDbIH8g4g
"Belle - From ""Beauty and the Beast""/Soundtrack Version",0.551,0.384,0,-13.554,1,0.106,0.825,0,0.145,0.417,129.283,spotify:track:0Q4a3PdGEME9w8Jgqa0Gf3
"I See the Light - From ""Tangled"" / Soundtrack Version",0.281,0.139,5,-14.392,1,0.0305,0.829,0,0.0725,0.169,92.64,spotify:track:6klpXs2uAjagnZMFkt4qkl
A Star Is Born,0.681,0.81,7,-6.348,1,0.0684,0.407,9.5e-06,0.397,0.667,117.632,spotify:track:6cLZAx9Q9ZIa0oeLPkSLRM
Go The Distance (Reprise),0.365,0.489,0,-7.847,1,0.0344,0.887,0.000177,0.0599,0.48,113.659,spotify:track:0NvqetjXrzOkZpX2BSG9Qi
Go the Distance,0.27,0.13,9,-17.07,1,0.0341,0.885,0.00091,0.0767,0.19,73.75,spotify:track:2dHoYvtul7SXjOAkd1b5Rh
I Won't Say (I'm In Love),0.686,0.467,0,-10.218,1,0.042,0.247,0,0.172,0.441,121.075,spotify:track:1HSJMLtNeDryJN76Tu5Ahf
Where Does My Heart Beat Now,0.528,0.62,10,-10.419,1,0.0285,0.648,1.63e-06,0.0801,0.595,74.051,spotify:track:7vsKlQM1SafffVCcd1NzJn
I Surrender,0.591,0.522,8,-6.281,0,0.0311,0.552,0,0.0891,0.149,114.015,spotify:track:67VjdDhTa5jzQxHGe6f26r
Two Worlds Finale,0.615,0.503,5,-9.144,1,0.0453,0.452,0.05,0.0856,0.224,115.99,spotify:track:7jZfg0ULZEzw7w0cUD3N2w
Two Worlds Reprise,0.474,0.867,7,-8.972,1,0.1,0.241,0.492,0.118,0.0879,110.224,spotify:track:7Iqno05rC9hqCdbLSC6SMm
Strangers Like Me,0.673,0.785,3,-7.041,1,0.0407,0.114,0.000904,0.119,0.562,119.78,spotify:track:3T74kgnbHw8JqkYGJKD4Tl
Son of Man,0.642,0.853,9,-5.288,1,0.0338,0.041,0.00035,0.361,0.694,141.663,spotify:track:1LhFadk0aWYczltTjIbFlI
Two Worlds,0.658,0.699,5,-10.219,0,0.0794,0.211,0.0105,0.236,0.394,110.048,spotify:track:3icOFPIciIN8FQSyVlpYSF
Introduction,0.376,0.307,2,-13.095,1,0.0351,0.957,0.911,0.131,0.189,79.994,spotify:track:3PYgUmM7AzwGG6Qfurk0TP
The Next Right Thing,0.383,0.116,0,-14.275,0,0.044,0.832,2.08e-05,0.385,0.142,115.48,spotify:track:4MJycw2LwmR4tTMtchLw7Q
Show Yourself,0.32,0.431,6,-7.046,1,0.0302,0.717,5.09e-05,0.0606,0.169,123.295,spotify:track:5JcHjigKoy1ABWwZhRmIGh
"Let It Go - From ""Frozen""/Soundtrack Version",0.543,0.485,8,-6.85,1,0.0305,0.558,0,0.12,0.371,136.961,spotify:track:0qcr5FMsEO85NAQjrlDRKo
"Love Is an Open Door - From ""Frozen""/Soundtrack Version",0.737,0.637,6,-6.308,0,0.0735,0.262,0,0.319,0.537,100.033,spotify:track:3IPnBzGRMg6BfViFxxa0Gq
Into the Unknown,0.323,0.405,10,-8.533,0,0.0413,0.849,0.000544,0.138,0.274,145.104,spotify:track:2JJwUreki4qNMcQiwlaojo
"For the First Time in Forever - From ""Frozen""/Soundtrack Version",0.354,0.411,0,-6.018,1,0.0344,0.815,1e-06,0.106,0.43,90.831,spotify:track:70b5Sq3ePOu3Gqg0hjlOtR
Some Things Never Change,0.566,0.543,5,-4.485,1,0.0314,0.613,0,0.106,0.299,89.937,spotify:track:3tifSIPU9W9AzTriW9tkH6
"Do You Want to Build a Snowman? - From ""Frozen""/Soundtrack Version",0.306,0.121,0,-15.551,0,0.0554,0.85,0.000176,0.257,0.166,174.053,spotify:track:2yi7HZrBOC4bMUSTcs4VK6
All Is Found,0.228,0.204,5,-12.319,1,0.0387,0.926,1.1e-05,0.092,0.195,83.372,spotify:track:1KkVYSqXosoiQmJmto0VAw
Speechless (Full),0.474,0.489,6,-7.625,0,0.0342,0.467,0,0.119,0.23,124.844,spotify:track:0XPsOSYzDJZJArevQNm2AR
Arabian Nights (2019),0.445,0.532,8,-8.018,1,0.0405,0.254,0,0.109,0.465,128.776,spotify:track:6ZxPYutGhjLTrcmvcshCa4
One Jump Ahead,0.558,0.323,7,-16.439,1,0.132,0.437,0,0.751,0.659,123.661,spotify:track:1dILRjV0gwHAdZ1hHjW5T3
Arabian Nights,0.475,0.201,9,-15.645,0,0.0441,0.721,0,0.216,0.482,128.813,spotify:track:41yc1aa7GGsGJQSE4deiQz
A Whole New World,0.297,0.225,0,-15.776,1,0.0347,0.846,3.67e-06,0.0992,0.131,126.662,spotify:track:506nvAQgHmkGd13ipZuBwo
Teardrops on My Guitar - Pop Version,0.459,0.753,10,-3.827,1,0.0537,0.0402,0,0.0863,0.483,199.997,spotify:track:1hxLyjC9D9Jpw6EAPKqWv4
Tim McGraw,0.58,0.491,0,-6.462,1,0.0251,0.575,0,0.121,0.425,76.009,spotify:track:2Fn01AIMyHbha2ceNQeOqw
King Of My Heart,0.675,0.703,0,-7.902,1,0.0382,0.00882,2.21e-06,0.0391,0.314,110.01,spotify:track:7HuBDWi18s4aJM8UFnNheH
Getaway Car,0.562,0.689,2,-6.745,1,0.127,0.00465,2.23e-06,0.0888,0.351,172.054,spotify:track:0VE4kBnHJUgtMf0dy6DRmW
Haunted,0.434,0.944,5,-2.641,1,0.0581,0.0769,0,0.151,0.361,162.02,spotify:track:2YjKcFQ1vYFhQPgsmCOjss
Innocent,0.553,0.604,1,-5.295,0,0.0258,0.202,0,0.125,0.186,133.989,spotify:track:0mTgFzkDgSAF3nJY25XCXG
Enchanted,0.535,0.618,8,-3.913,1,0.0273,0.0716,0.000388,0.169,0.228,81.975,spotify:track:04S1pkp1VaIqjg8zZqknR5
Never Grow Up,0.715,0.308,2,-8.829,1,0.0305,0.829,0,0.16,0.547,124.899,spotify:track:3JilapcaOXzjR9gtvCY8FO
The Story Of Us,0.575,0.855,9,-4.827,1,0.0467,0.000315,0.00161,0.0419,0.84,139.92,spotify:track:3lXekiVK1ZPZbKconsys73
Mean,0.57,0.747,4,-3.978,1,0.0426,0.445,0,0.219,0.808,164.004,spotify:track:0KztjtD3ytzgYjUKIVfBnW
You Are In Love,0.474,0.48,2,-8.894,1,0.0622,0.707,0.000108,0.0903,0.319,170.109,spotify:track:2KrOAg6FftbjgSKdd2a4rS
Clean,0.81,0.38,4,-7.755,1,0.035,0.242,0,0.113,0.211,103.981,spotify:track:2k43eySbfpDVx0PrO99UI8
This Love,0.485,0.459,4,-8.768,1,0.0337,0.635,0,0.101,0.0858,71.981,spotify:track:7lTxQZVXlvIX7Z3szSy8Sh
I Wish You Would,0.649,0.898,0,-5.963,1,0.0511,0.016,9.9e-05,0.109,0.503,118.027,spotify:track:5RVJ6VKfwtosA5Q1qeHdjF
Style,0.598,0.786,2,-5.572,1,0.0382,0.00256,0.00143,0.117,0.456,95.021,spotify:track:71PmZqBXH0RUETqxpwlV0w
Blank Space,0.752,0.678,5,-5.421,1,0.0646,0.085,1.64e-06,0.13,0.583,96.009,spotify:track:2ls70nUDfjzm1lSRDuKxmw
hoax,0.662,0.181,8,-15.065,1,0.0415,0.966,3.86e-06,0.133,0.429,118.819,spotify:track:6MWoRt97mnSTXZhu3ggi9C
mad woman,0.592,0.699,3,-8.995,1,0.0471,0.655,1.68e-05,0.114,0.506,141.916,spotify:track:2QDyYdZyhlP2fp79KZX8Bi
invisible string,0.653,0.452,4,-11.143,0,0.055,0.838,7.73e-05,0.108,0.45,83.433,spotify:track:6VsvKPJ4xjVNKpI8VVZ3SV
this is me trying,0.515,0.476,9,-9.843,1,0.0328,0.314,4.74e-05,0.171,0.412,135.886,spotify:track:7kt9e9LFSpN1zQtYEl19o1
my tears ricochet,0.456,0.263,0,-10.63,1,0.0332,0.806,0,0.0749,0.111,129.86,spotify:track:1MgV7FIyNxIG7WzMRJV5HC
exile (feat. Bon Iver),0.298,0.38,6,-8.426,1,0.0287,0.778,5.62e-05,0.11,0.152,75.602,spotify:track:4pvb0WLRcMtbPGmtejJJ6y
the 1,0.777,0.357,0,-6.942,1,0.0522,0.757,7.28e-06,0.108,0.172,139.883,spotify:track:0Jlcvv8IykzHaSmj49uNW8
Cruel Summer,0.552,0.702,9,-5.707,1,0.157,0.117,2.06e-05,0.105,0.564,169.994,spotify:track:1BxfuPKGuaTgP7aM0Bbdwr
The Archer,0.292,0.574,0,-9.375,1,0.0401,0.12,0.00569,0.0663,0.166,124.344,spotify:track:3pHkh7d0lzM2AldUtz2x37
Afterglow,0.756,0.449,9,-8.746,1,0.0344,0.13,0,0.114,0.399,111.011,spotify:track:1SymEzIT3H8UZfibCs3TYi
Daylight,0.557,0.496,0,-9.602,1,0.0563,0.808,0.000173,0.0772,0.265,149.983,spotify:track:1fzAuUVbzlhZ1lJAx9PtY6
ME! (feat. Brendon Urie of Panic! At The Disco),0.61,0.83,0,-4.105,1,0.0571,0.033,0,0.118,0.728,182.162,spotify:track:2Rk4JlNc2TPmZe2af99d45
You Need To Calm Down,0.771,0.671,2,-5.617,1,0.0553,0.00929,0,0.0637,0.714,85.026,spotify:track:6RRNNciQGZEXnqk8SQ9yv5
Death By A Thousand Cuts,0.712,0.732,4,-6.754,1,0.0629,0.454,0,0.319,0.313,94.071,spotify:track:2dgFqt3w9xIQRjhPtwNk3D
I Think He Knows,0.897,0.366,0,-8.029,1,0.0569,0.00889,0.000353,0.0715,0.416,100.003,spotify:track:2YWtcWi3a83pdEg3Gif4Pd
Lover,0.359,0.543,7,-7.582,1,0.0919,0.492,1.58e-05,0.118,0.453,68.534,spotify:track:1dGr1c8CrMLDpV6mPbImSI
Sad Beautiful Tragic,0.624,0.34,7,-12.411,1,0.029,0.632,0.0337,0.0805,0.261,129.987,spotify:track:70e9zuv2pJc7ON1OUAJ1zl
Begin Again,0.53,0.526,7,-8.349,1,0.0263,0.199,3.52e-06,0.14,0.323,79.025,spotify:track:1yG491M3fRfowMdGN5pey4
Come Back...Be Here,0.483,0.548,4,-6.291,1,0.0254,0.00471,2.01e-06,0.0997,0.217,79.926,spotify:track:1n8rB9AhxiAvVP1E2c3yOd
Everything Has Changed,0.624,0.458,6,-6.755,1,0.0287,0.36,3.89e-06,0.311,0.436,80.016,spotify:track:5PjfMmF06QtxTPZBZHdhoZ
Stay Stay Stay,0.729,0.748,0,-6.67,1,0.0245,0.307,1.29e-06,0.0962,0.928,99.981,spotify:track:0F2S1QlnMaOfmNHIgmES3k
The Last Time,0.505,0.443,2,-7.039,1,0.0276,0.035,3.15e-06,0.0906,0.123,94.069,spotify:track:2Tz4JnXZOcjcp8fWfMjBBk
The Moment I Knew,0.619,0.506,7,-7.327,1,0.0315,0.187,1.47e-05,0.101,0.274,126.03,spotify:track:4qTAwKJQ68gmnrnfPD3vlO
We Are Never Ever Getting Back Together,0.628,0.676,7,-5.911,1,0.0916,0.00957,2.65e-05,0.121,0.75,85.984,spotify:track:6kISMRfweKSvgHR0urMQFG
I Almost Do,0.567,0.481,4,-7.357,1,0.027,0.0173,4.13e-05,0.182,0.233,145.865,spotify:track:1eyqSYBCTane4rl4vc6PWJ
coney island (feat. The National),0.537,0.537,8,-11.266,1,0.0617,0.819,0.000904,0.142,0.292,107.895,spotify:track:3k7ne7VmH43ZPWxPdvPUgR
happiness,0.559,0.334,11,-10.733,1,0.0376,0.87,0,0.114,0.211,122.079,spotify:track:73YUReisjb3A9ActdLLjJQ
willow,0.392,0.574,7,-9.195,1,0.17,0.833,0.00179,0.145,0.529,81.112,spotify:track:0lx2cLdOt3piJbcaXIV74f
The Power of Love,0.546,0.519,8,-9.072,1,0.0291,0.36,0.00046,0.24,0.247,140.054,spotify:track:5kK1Iru9ogP3Iy1zsANU1n
"My Heart Will Go On - Love Theme from ""Titanic""",0.428,0.276,4,-11.729,1,0.0312,0.732,5.33e-06,0.117,0.0382,99.195,spotify:track:33LC84JgLvK2KuW43MfaNq
Teardrops On My Guitar - Radio Single Remix,0.621,0.417,10,-6.941,1,0.0231,0.288,0,0.119,0.289,99.953,spotify:track:7zMcNqs55Mxer82bvZFkpg
