Book Name,Author,ISBN 13,ISBN,Number of Pages,Average Rating,Total Number of Ratings,Publication Date,Started Date,Ended Date,Series,Installation
Pride and Prejudice,"Austen, Jane",,,279,4.27,3261579,"Jan 28, 1813",not set,Jan 2019,StandAlone,1
"Harry Potter and the Sorcerer's Stone (Harry Potter, #1)","Rowling, J.K.",,,309,4.47,7680566,"Jun 26, 1997",not set,May 2018,Harry Potter,1
"The Fellowship of the Ring (The Lord of the Rings, #1)","Tolkien, J.R.R.",9780618346257.0,0618346252,398,4.37,2472181,"Jul 29, 1954",not set,not set,The Lord of the Rings,1
"Harry Potter and the Chamber of Secrets (Harry Potter, #2)","Rowling, J.K.",9780439064866.0,0439064864,341,4.43,2971800,"Jul 02, 1998",not set,May 2018,Harry Potter,2
"Harry Potter and the Prisoner of Azkaban (Harry Potter, #3)","Rowling, J.K.",9780439655484.0,043965548X,435,4.57,3082225,"Jul 08, 1999",not set,not set,Harry Potter,3
"The Battle of the Labyrinth (Percy Jackson and the Olympians, #4)","Riordan, Rick",,,361,4.39,813295,"Mar 06, 2008",not set,not set,Percy Jackson and the Olympians,4
"A Study in Scarlet (Sherlock Holmes, #1)","Doyle, Arthur Conan",9781420925531.0,1420925539,123,4.14,356467,1887,not set,not set,Sherlock Holmes,1
"Alice's Adventures in Wonderland (Alice's Adventures in Wonderland, #1)","Carroll, Lewis",,,96,3.98,289682,1862,not set,not set,Alice's Adventures in Wonderland,1
"Harry Potter and the Order of the Phoenix (Harry Potter, #5)","Rowling, J.K.",,,870,4.5,2707599,"Jun 21, 2003",not set,not set,Harry Potter,5
"The Hunger Games (The Hunger Games, #1)","Collins, Suzanne",9780439023481.0,0439023483,374,4.32,6811543,"Sep 14, 2008","May 05, 2020","May 11, 2020",The Hunger Games,1
"Catching Fire (The Hunger Games, #2)","Collins, Suzanne",9780439023498.0,0439023491,391,4.29,2725264,"Sep 01, 2009","May 15, 2020","May 23, 2020",The Hunger Games,2
"Mockingjay (The Hunger Games, #3)","Collins, Suzanne",9780439023511.0,0439023513,398,4.05,2526072,"Aug 24, 2010","May 25, 2020","Jun 14, 2020",The Hunger Games,3
"The Hunger Games Trilogy Boxset (The Hunger Games, #1-3)","Collins, Suzanne",9780545265355.0,0545265355,"1,155",4.48,195508,2008,not set,not set,The Hunger Games,1
"Harry Potter and the Deathly Hallows (Harry Potter, #7)","Rowling, J.K.",,,759,4.62,3016736,"Jul 21, 2007",not set,not set,Harry Potter,7
"Harry Potter and the Half-Blood Prince (Harry Potter, #6)","Rowling, J.K.",,,652,4.57,2626753,"Jul 16, 2005",not set,not set,Harry Potter,6
"Harry Potter and the Goblet of Fire (Harry Potter, #4)","Rowling, J.K.",,,734,4.56,2807434,"Jul 08, 2000",not set,not set,Harry Potter,4
"Twilight (Twilight, #1)","Meyer, Stephenie",9780316015844.0,0316015849,501,3.61,5300649,"Oct 05, 2005",not set,not set,Twilight,1
"The Lightning Thief (Percy Jackson and the Olympians, #1)","Riordan, Rick",9780786838653.0,0786838655,377,4.27,2186072,"Jun 28, 2005",not set,Aug 2018,Percy Jackson and the Olympians,1
"New Moon (Twilight, #2)","Meyer, Stephenie",,,563,3.55,1571734,"Sep 06, 2006",not set,not set,Twilight,2
"City of Bones (The Mortal Instruments, #1)","Clare, Cassandra",,,485,4.09,1724302,"May 27, 2007","Oct 03, 2020","Oct 04, 2020",The Mortal Instruments,1
"A Storm of Swords (A Song of Ice and Fire, #3)","Martin, George R.R.",,,"1,218",4.53,692988,"Aug 08, 2000","Dec 13, 2020","Jan 29, 2021",A Song of Ice and Fire,3
Wuthering Heights,"Brontë, Emily",,,464,3.87,1436306,1847,not set,not set,StandAlone,1
Little Women,"Alcott, Louisa May",9780451529305.0,0451529308,449,4.1,1789579,1880,not set,not set,StandAlone,1
Animal Farm,"Orwell, George",9780451526342.0,0451526341,141,3.96,2975942,"Aug 17, 1945",not set,not set,StandAlone,1
"Foundation (Foundation, #1)","Asimov, Isaac",9780553803716.0,0553803719,244,4.17,436631,1951,not set,Dec 2018,Foundation,1
Great Expectations,"Dickens, Charles",9780192833594.0,0192833596,505,3.78,687971,1860,not set,not set,StandAlone,1
The Alchemist,"Coelho, Paulo",9780062315007.0,0062315005,182,3.89,2300234,1988,not set,not set,StandAlone,1
Frankenstein: The 1818 Text,"Shelley, Mary",9780143131847.0,0143131842,260,3.82,1242508,"Jan 01, 1818",not set,not set,StandAlone,1
The Kite Runner,"Hosseini, Khaled",,,371,4.31,2581834,"May 29, 2003",not set,not set,StandAlone,1
A Thousand Splendid Suns,"Hosseini, Khaled",9781594489501.0,1594489505,372,4.38,1231045,"May 22, 2007",not set,not set,StandAlone,1
Persuasion,"Austen, Jane",9780192802637.0,0192802631,249,4.14,557020,Dec 1817,not set,not set,StandAlone,1
Mansfield Park,"Austen, Jane",9780141439808.0,0141439807,488,3.86,298812,"Jul 01, 1814",not set,not set,StandAlone,1
Northanger Abbey,"Austen, Jane",9781593082642.0,1593082649,260,3.83,323013,1818,not set,not set,StandAlone,1
Gone with the Wind,"Mitchell, Margaret",9780446675536.0,0446675539,"1,037",4.3,1114867,"Jun 30, 1936",not set,not set,StandAlone,1
Wuthering Heights by Emily Brontë,"Spear, Hilda D.",9780333372869.0,0333372867,96,4.12,22865,unknown,not set,not set,StandAlone,1
Gulliver's Travels,"Swift, Jonathan",9780141439495.0,0141439491,306,3.58,242742,"Oct 28, 1726",not set,not set,StandAlone,1
The Fault in Our Stars,"Green, John",,,313,4.19,3876725,"Jan 10, 2012",not set,not set,StandAlone,1
"The Tyrant’s Tomb (The Trials of Apollo, #4)","Riordan, Rick",9781368001441.0,1368001440,439,4.33,36829,"Sep 24, 2019",May 2020,"May 09, 2020",The Trials of Apollo,4
"A Clash of Kings  (A Song of Ice and Fire, #2)","Martin, George R.R.",9780553381696.0,0553381695,969,4.41,822927,"Nov 16, 1998","Dec 06, 2020","Dec 13, 2020",A Song of Ice and Fire,2
The Hobbit,"Tolkien, J.R.R.",,,322,4.28,3098566,"Sep 21, 1937",not set,not set,StandAlone,1
"The Titan's Curse (Percy Jackson and the Olympians, #3)","Riordan, Rick",9780141382890.0,0141382899,320,4.34,762858,"May 05, 2007",not set,not set,Percy Jackson and the Olympians,3
"The Last Olympian (Percy Jackson and the Olympians, #5)","Riordan, Rick",9781423101475.0,1423101472,381,4.5,740008,"May 05, 2009",not set,not set,Percy Jackson and the Olympians,5
"The Eye of the World (The Wheel of Time, #1)","Jordan, Robert",9780812511819.0,0812511816,814,4.17,419586,"Jan 15, 1990","Jul 16, 2020","Jul 20, 2020",The Wheel of Time,1
The Gunslinger,"King, Stephen",,,231,3.94,540281,"Jun 01, 1982",not set,not set,StandAlone,1
J.R.R. Tolkien 4-Book Boxed Set: The Hobbit and The Lord of the Rings,"Tolkien, J.R.R.",9780345538376.0,0345538374,"1,728",4.6,116312,"Oct 20, 1955",not set,not set,StandAlone,1
"The Way of Kings (The Stormlight Archive, #1)","Sanderson, Brandon",9780765326355.0,0765326353,"1,007",4.61,346369,"Aug 31, 2010","May 25, 2020","Jun 09, 2020",The Stormlight Archive,1
"The Name of the Wind (The Kingkiller Chronicle, #1)","Rothfuss, Patrick",9780756404079.0,075640407X,662,4.51,776246,"Mar 27, 2007","Feb 27, 2020","Mar 24, 2020",The Kingkiller Chronicle,1
Jane Eyre,"Claybourne, Anna",9780794518707.0,0794518702,176,4.37,3582,"Jul 28, 2006",not set,not set,StandAlone,1
Jane Eyre,"Brontë, Charlotte",9780142437209.0,0142437204,532,4.13,1728615,"Oct 16, 1846","Jan 04, 2020","Jan 25, 2020",StandAlone,1
Sense and Sensibility,"Austen, Jane",,,409,4.08,1009940,"Oct 30, 1811",not set,not set,StandAlone,1
Emma,"Austen, Jane",9780141439587.0,0141439580,474,4.02,701653,"Dec 23, 1815",not set,not set,StandAlone,1
A Christmas Carol,"Dickens, Charles",9781561797462.0,1561797464,104,4.07,653586,"Dec 17, 1843",not set,not set,StandAlone,1
"The Lost Hero (The Heroes of Olympus, #1)","Riordan, Rick",9781423113393.0,142311339X,553,4.32,682759,"Oct 12, 2010",not set,not set,The Heroes of Olympus,1
"The Sword of Summer (Magnus Chase and the Gods of Asgard, #1)","Riordan, Rick",9781423160915.0,1423160916,499,4.22,170104,"Oct 06, 2015","Mar 10, 2020","Mar 14, 2020",Magnus Chase and the Gods of Asgard,1
"The Hammer of Thor (Magnus Chase and the Gods of Asgard, #2)","Riordan, Rick",9781423160922.0,1423160924,459,4.34,77685,"Oct 04, 2016","Mar 14, 2020","Mar 20, 2020",Magnus Chase and the Gods of Asgard,2
"The Mark of Athena (The Heroes of Olympus, #3)","Riordan, Rick",9781423140603.0,1423140605,586,4.44,479898,"Oct 02, 2012",not set,not set,The Heroes of Olympus,3
"The Wise Man's Fear (The Kingkiller Chronicle, #2)","Rothfuss, Patrick",9780756404734.0,0756404738,994,4.54,461732,"Mar 01, 2011","Mar 24, 2020","Mar 26, 2020",The Kingkiller Chronicle,2
"The Red Pyramid: The Graphic Novel (The Kane Chronicles: The Graphic Novels, #1)","Collar, Orpheus",9781423150688.0,1423150686,192,4.28,17131,"Oct 02, 2012",not set,not set,The Kane Chronicles: The Graphic Novels,1
"The Ship of the Dead (Magnus Chase and the Gods of Asgard, #3)","Riordan, Rick",9781423160939.0,1423160932,410,4.39,58368,"Oct 03, 2017","Mar 26, 2020","Apr 02, 2020",Magnus Chase and the Gods of Asgard,3
"Mistborn: The Final Empire (Mistborn, #1)","Sanderson, Brandon",9780765311788.0,076531178X,541,4.44,452795,"Jul 17, 2006","Mar 26, 2020","Mar 30, 2020",Mistborn,1
"Blood of Elves (The Witcher, #1)","Sapkowski, Andrzej",9780316029193.0,031602919X,420,4.1,129034,1994,not set,not set,The Witcher,1
"The Well of Ascension (Mistborn, #2)","Sanderson, Brandon",9780765316882.0,0765316889,590,4.35,318678,"Aug 21, 2007","Mar 30, 2020","Apr 05, 2020",Mistborn,2
"The Hero of Ages (Mistborn, #3)","Sanderson, Brandon",9780765316899.0,0765316897,572,4.48,295509,"Oct 14, 2008","Apr 06, 2020","Apr 08, 2020",Mistborn,3
"The Sea of Monsters (Percy Jackson and the Olympians, #2)","Riordan, Rick",9780786856862.0,0786856866,279,4.24,831854,"Apr 01, 2006",not set,not set,Percy Jackson and the Olympians,2
"The Slow Regard of Silent Things (The Kingkiller Chronicle, #2.5)","Rothfuss, Patrick",9780756410438.0,0756410436,159,3.89,124855,"Oct 28, 2014",not set,not set,The Kingkiller Chronicle,2
"A Feast for Crows (A Song of Ice and Fire, #4)","Martin, George R.R.",9780553582024.0,055358202X,"1,061",4.14,655790,"Oct 17, 2005","Jan 29, 2021","Mar 27, 2021",A Song of Ice and Fire,4
"Throne of Glass (Throne of Glass, #1)","Maas, Sarah J.",,,406,4.19,704285,"Aug 02, 2012","Apr 08, 2020","Apr 09, 2020",Throne of Glass,1
"Crown of Midnight (Throne of Glass, #2)","Maas, Sarah J.",9781619630628.0,1619630621,420,4.38,415156,"Aug 15, 2013","Apr 08, 2020","Apr 10, 2020",Throne of Glass,2
"The Assassin and the Pirate Lord (Throne of Glass, #0.1)","Maas, Sarah J.",,,70,4.23,36250,"Jan 13, 2012","Apr 09, 2020","Apr 09, 2020",Throne of Glass,0
"The Assassin and the Healer (Throne of Glass, #0.2)","Maas, Sarah J.",,,40,4.23,22682,"Mar 30, 2012","Apr 09, 2020","Apr 10, 2020",Throne of Glass,0
"The Assassin and the Desert (Throne of Glass, #0.3)","Maas, Sarah J.",,,103,4.4,32632,"Mar 30, 2012","Apr 09, 2020","Apr 09, 2020",Throne of Glass,0
"The Assassin and the Underworld (Throne of Glass, #0.4)","Maas, Sarah J.",,,102,4.37,29705,"May 01, 2012","Apr 09, 2020","Apr 10, 2020",Throne of Glass,0
"The Assassin and the Empire (Throne of Glass, #0.5)","Maas, Sarah J.",,,94,4.42,29714,"Jul 20, 2012","Apr 09, 2020","Apr 09, 2020",Throne of Glass,0
"Heir of Fire (Throne of Glass, #3)","Maas, Sarah J.",9781619630659.0,1619630656,565,4.45,347646,"Sep 02, 2014","Apr 10, 2020","Apr 13, 2020",Throne of Glass,3
"The Two Towers (The Lord of the Rings, #2)","Tolkien, J.R.R.",9780618346264.0,0618346260,322,4.45,771135,"Nov 11, 1954",not set,not set,The Lord of the Rings,2
"The Return of the King (The Lord of the Rings, #3)","Tolkien, J.R.R.",,,404,4.53,723514,"Oct 20, 1955",not set,not set,The Lord of the Rings,3
"The Golden Compass (His Dark Materials, #1)","Pullman, Philip",9780679879244.0,0679879242,399,4.0,1353804,Jul 1995,not set,not set,His Dark Materials,1
"A Dance with Dragons (A Song of Ice and Fire, #5)","Martin, George R.R.",,,"1,125",4.32,583394,"Jul 12, 2011","Mar 27, 2021","Apr 07, 2021",A Song of Ice and Fire,5
The Lord of the Rings,"Tolkien, J.R.R.",,,"1,216",4.5,597152,"Oct 20, 1955",not set,not set,StandAlone,1
"Graceling (Graceling Realm, #1)","Cashore, Kristin",9780152063962.0,,471,4.06,413858,"Oct 01, 2008",not set,not set,Graceling Realm,1
"Harry Potter and the Cursed Child: Parts One and Two (Harry Potter, #8)","Tiffany, John",9780751565355.0,0751565350,343,3.58,777995,"Jul 31, 2016",not set,not set,Harry Potter,8
"Assassin's Apprentice (Farseer Trilogy, #1)","Hobb, Robin",9780553573398.0,055357339X,435,4.15,254462,May 1995,"May 25, 2020","Sep 21, 2020",Farseer Trilogy,1
The Silmarillion,"Tolkien, J.R.R.",9780618391110.0,0618391118,386,3.94,235235,"Sep 15, 1977",not set,not set,StandAlone,1
"City of Ashes (The Mortal Instruments, #2)","Clare, Cassandra",9781416914297.0,1416914293,453,4.14,807294,"Mar 25, 2008","Oct 04, 2020","Oct 05, 2020",The Mortal Instruments,2
"Prince Caspian (Chronicles of Narnia, #2)","Lewis, C.S.",9780007202300.0,000720230X,240,3.97,374303,"Oct 15, 1951",not set,not set,Chronicles of Narnia,2
The Tales of Beedle the Bard (Hogwarts Library),"Rowling, J.K.",9780747599876.0,0747599874,109,4.05,438047,"Dec 04, 2008",not set,not set,Hogwarts Library),1
"The Chronicles of Narnia (Chronicles of Narnia, #1-7)","Lewis, C.S.",9780066238500.0,0066238501,767,4.25,556091,1956,not set,not set,Chronicles of Narnia,1
"City of Glass (The Mortal Instruments, #3)","Clare, Cassandra",9781416914303.0,1416914307,541,4.3,850374,2009,not set,not set,The Mortal Instruments,3
"The Great Hunt (The Wheel of Time, #2)","Jordan, Robert",9780812517729.0,0812517725,705,4.22,244634,"Nov 15, 1990","Jul 20, 2020","Jul 23, 2020",The Wheel of Time,2
"A Court of Mist and Fury (A Court of Thorns and Roses, #2)","Maas, Sarah J.",,,626,4.59,465898,"May 03, 2016",not set,not set,A Court of Thorns and Roses,2
"A Court of Thorns and Roses (A Court of Thorns and Roses, #1)","Maas, Sarah J.",9781619634442.0,1619634449,419,4.19,657749,"May 05, 2015",not set,not set,A Court of Thorns and Roses,1
"A Court of Wings and Ruin (A Court of Thorns and Roses, #3)","Maas, Sarah J.",9781408857908.0,1408857901,705,4.42,365403,"May 02, 2017",not set,not set,A Court of Thorns and Roses,3
"Queen of Shadows (Throne of Glass, #4)","Maas, Sarah J.",9781619636040.0,1619636042,648,4.54,300410,"Sep 01, 2015","Apr 13, 2020","Apr 18, 2020",Throne of Glass,4
"Empire of Storms (Throne of Glass, #5)","Maas, Sarah J.",,,689,4.53,246827,"Sep 06, 2016","Apr 18, 2020","Apr 22, 2020",Throne of Glass,5
"The Assassin's Blade (Throne of Glass, #0.1-0.5)","Maas, Sarah J.",9781408852590.0,1408852594,448,4.35,170499,"Mar 04, 2014",not set,not set,Throne of Glass,0
"Kingdom of Ash (Throne of Glass, #7)","Maas, Sarah J.",9781619636101.0,1619636107,984,4.56,178884,"Oct 23, 2018","Apr 22, 2020","May 05, 2020",Throne of Glass,7
"Tower of Dawn (Throne of Glass, #6)","Maas, Sarah J.",9781681195773.0,1681195771,660,4.31,167701,"Sep 05, 2017","Apr 22, 2020","Apr 24, 2020",Throne of Glass,6
"A Court of Frost and Starlight (A Court of Thorns and Roses, #3.1)","Maas, Sarah J.",9781681196312.0,168119631X,272,3.84,221042,"May 01, 2018",not set,not set,A Court of Thorns and Roses,3
"Throne of Glass Collection (Throne of Glass, #1-3)","Maas, Sarah J.",9783200328297.0,3200328290,,4.73,1593,"Nov 07, 2014",not set,not set,Throne of Glass,1
The Princess Bride,"Goldman, William",9780345418265.0,0345418263,456,4.25,816764,"Sep 01, 1973",not set,not set,StandAlone,1
"Dune (Dune, #1)","Herbert, Frank",9780593099322.0,059309932X,688,4.23,870519,Jun 1965,not set,not set,Dune,1
The Great Gatsby,"Fitzgerald, F. Scott",,,200,3.93,4059819,"Apr 10, 1925","May 28, 2021","May 29, 2021",StandAlone,1
"The Hobbit, Part One","Tolkien, J.R.R.",9780007926664.0,,230,4.29,363543,"Sep 21, 1937",not set,not set,StandAlone,1
The Time Machine,"Wells, H.G.",,,118,3.9,442353,"May 07, 1895",not set,not set,StandAlone,1
"I, Robot (Robot, #0.1)","Asimov, Isaac",9780553803709.0,0553803700,224,4.2,292298,1950,not set,not set,Robot,0
To Kill A Mockingbird,"Lee, Harper",9780333398548.0,0333398548,96,4.28,4844707,"Jul 11, 1960",not set,not set,StandAlone,1
Stardust,"Gaiman, Neil",9780061142024.0,0061142026,248,4.08,383962,1998,not set,not set,StandAlone,1
Norse Mythology,"Gaiman, Neil",,,301,4.08,246595,"Feb 07, 2017",not set,not set,StandAlone,1
"Elantris (Elantris, #1)","Sanderson, Brandon",9780765350374.0,0765350378,638,4.17,196153,"May 01, 2005","Apr 24, 2020","May 23, 2020",Elantris,1
"The Hidden Oracle (The Trials of Apollo, #1)","Riordan, Rick",9781484732748.0,148473274X,375,4.2,130241,"May 03, 2016","Apr 22, 2020","Apr 24, 2020",The Trials of Apollo,1
"The Burning Maze (The Trials of Apollo, #3)","Riordan, Rick",9781368024129.0,1484746430,448,4.35,49494,"May 01, 2018","Apr 28, 2020",May 2020,The Trials of Apollo,3
"The Tower of Nero (The Trials of Apollo, #5)","Riordan, Rick",9781484746455.0,1484746457,410,4.54,25511,"Oct 06, 2020","Oct 05, 2020","Oct 08, 2020",The Trials of Apollo,5
"The Dark Prophecy (The Trials of Apollo, #2)","Riordan, Rick",9781484746424.0,1484746422,414,4.22,67930,"May 02, 2017","Apr 24, 2020","Apr 28, 2020",The Trials of Apollo,2
"Sabriel (Abhorsen,  #1)","Nix, Garth",9780064471831.0,0064471837,491,4.14,197793,May 1995,not set,not set,Abhorsen,1
Arcanum Unbounded: The Cosmere Collection,"Sanderson, Brandon",9780765391162.0,0765391163,672,4.5,27507,"Nov 08, 2016",not set,not set,StandAlone,1
"The Cruel Prince (The Folk of the Air, #1)","Black, Holly",,,370,4.09,342145,"Jan 02, 2018","Aug 26, 2020","Aug 26, 2020",The Folk of the Air,1
"The Wicked King (The Folk of the Air, #2)","Black, Holly",9780316310338.0,0316310336,336,4.34,224412,"Jan 08, 2019","Aug 26, 2020","Aug 27, 2020",The Folk of the Air,2
"The Queen of Nothing (The Folk of the Air, #3)","Black, Holly",9780316310406.0,0316310409,300,4.34,186176,"Nov 19, 2019","Aug 27, 2020","Aug 28, 2020",The Folk of the Air,3
"Keeper of the Lost Cities (Keeper of the Lost Cities, #1)","Messenger, Shannon",9781442445932.0,1442445939,496,4.45,39155,"Oct 02, 2012","Apr 28, 2020","Apr 30, 2020",Keeper of the Lost Cities,1
"Exile (Keeper of the Lost Cities, #2)","Messenger, Shannon",9781442445987.0,,576,4.54,25315,"Oct 01, 2013","Apr 30, 2020","May 02, 2020",Keeper of the Lost Cities,2
"Everblaze (Keeper of the Lost Cities, #3)","Messenger, Shannon",9781442445994.0,1442445998,624,4.59,21618,"Aug 03, 2014","May 02, 2020","May 03, 2020",Keeper of the Lost Cities,3
"Neverseen (Keeper of the Lost Cities, #4)","Messenger, Shannon",,,672,4.65,19889,"Nov 03, 2015","May 03, 2020","May 05, 2020",Keeper of the Lost Cities,4
"Lodestar (Keeper of the Lost Cities, #5)","Messenger, Shannon",,,688,4.63,17310,"Nov 01, 2016",not set,not set,Keeper of the Lost Cities,5
"Nightfall (Keeper of the Lost Cities, #6)","Messenger, Shannon",9781481497428.0,1481497421,576,4.61,15420,"Nov 07, 2017",not set,not set,Keeper of the Lost Cities,6
"Flashback (Keeper of the Lost Cities, #7)","Messenger, Shannon",9781481497459.0,1481497456,848,4.42,13368,"Nov 06, 2018",not set,not set,Keeper of the Lost Cities,7
"Legacy (Keeper of the Lost Cities, #8)","Messenger, Shannon",,,797,4.52,11389,"Nov 05, 2019",not set,not set,Keeper of the Lost Cities,8
"A Storm of Swords 2: Blood and Gold (A Song of Ice and Fire, #3, Part 2 of 2)","Martin, George R.R.",9780007119554.0,0007119550,639,4.5,87439,"Aug 08, 2000",not set,not set,A Song of Ice and Fire,3
"A Storm of Swords: Steel and Snow (A Song of Ice and Fire, #3: Part 1 of 2)","Martin, George R.R.",9780006479901.0,0006479901,663,4.43,75897,"Aug 08, 2000",not set,not set,A Song of Ice and Fire,3
"Words of Radiance (The Stormlight Archive, #2)","Sanderson, Brandon",9780765326362.0,0765326361,"1,087",4.74,236461,"Mar 04, 2014","Jun 09, 2020","Jun 14, 2020",The Stormlight Archive,2
"Edgedancer (The Stormlight Archive, #2.5)","Sanderson, Brandon",9781250166548.0,1250166543,272,4.27,51004,"Nov 22, 2016","Jun 21, 2020","Jun 26, 2020",The Stormlight Archive,2
"Oathbringer (The Stormlight Archive, #3)","Sanderson, Brandon",9780765326379.0,076532637X,"1,248",4.57,154462,"Nov 14, 2017","Jun 14, 2020","Jun 17, 2020",The Stormlight Archive,3
"Rhythm of War (The Stormlight Archive, #4)","Sanderson, Brandon",,,"1,270",4.63,55854,"Nov 17, 2020","Nov 16, 2020","Nov 21, 2020",The Stormlight Archive,4
"Warbreaker (Warbreaker, #1)","Sanderson, Brandon",,,688,4.26,134817,"Jun 09, 2009","Jun 26, 2020","Jun 28, 2020",Warbreaker,1
Circe,"Miller, Madeline",9780316556347.0,0316556343,393,4.26,470435,"Apr 10, 2018",not set,not set,StandAlone,1
The Emperor's Soul,"Sanderson, Brandon",9781616960926.0,1616960922,175,4.32,72175,"Oct 11, 2012","Jun 19, 2020","Jun 20, 2020",StandAlone,1
"The Alloy of Law (Mistborn, #4)","Sanderson, Brandon",9780765330420.0,0765330423,332,4.19,151930,"Nov 08, 2011","Jun 27, 2020","Jun 30, 2020",Mistborn,4
"Shadows of Self (Mistborn, #5)","Sanderson, Brandon",9780765378552.0,0765378558,383,4.27,95843,"Oct 06, 2015","Jun 30, 2020",Jul 2020,Mistborn,5
"The Bands of Mourning (Mistborn, #6)","Sanderson, Brandon",,,448,4.39,85701,"Jan 26, 2016",Jul 2020,"Jul 03, 2020",Mistborn,6
"The Lost Metal (Mistborn, #7)","Sanderson, Brandon",9781473215269.0,1473215269,352,4.32,1426,unknown,not set,not set,Mistborn,7
"Skyward (Skyward, #1)","Sanderson, Brandon",9781473217850.0,1473217857,513,4.5,82604,"Nov 06, 2018","Jul 03, 2020","Jul 05, 2020",Skyward,1
"Starsight (Skyward, #2)","Sanderson, Brandon",9781473217904.0,1473217903,461,4.42,48712,"Nov 26, 2019","Jul 05, 2020","Jul 13, 2020",Skyward,2
"Steelheart (The Reckoners, #1)","Sanderson, Brandon",9780385743563.0,0385743564,386,4.12,163160,"Sep 24, 2013","Jul 12, 2020","Jul 14, 2020",The Reckoners,1
"Firefight (The Reckoners, #2)","Sanderson, Brandon",9780385743587.0,0385743580,416,4.26,86349,"Jan 06, 2015","Jul 14, 2020","Jul 15, 2020",The Reckoners,2
"Calamity (Reckoners, #3)","Sanderson, Brandon",9780385743600.0,0385743602,424,4.19,65851,"Feb 16, 2016","Jul 15, 2020","Jul 15, 2020",Reckoners,3
"The Rithmatist (The Rithmatist, #1)","Sanderson, Brandon",,,353,4.2,59995,"May 13, 2013","Oct 29, 2020","Oct 30, 2020",The Rithmatist,1
"Mistborn Trilogy Boxed Set (Mistborn, #1-3)","Sanderson, Brandon",9780765365439.0,076536543X,"2,176",4.57,44716,"Nov 03, 2009",not set,not set,Mistborn,1
"Legion (Legion, #1)","Sanderson, Brandon",9781596064850.0,1596064854,88,4.14,35855,"Aug 31, 2012","Aug 21, 2020","Aug 22, 2020",Legion,1
"Mitosis (The Reckoners, #1.5)","Sanderson, Brandon",9780449818435.0,0449818438,55,3.86,33359,"Dec 03, 2013","Jul 14, 2020","Jul 15, 2020",The Reckoners,1
"Secret History (Mistborn, #3.5)","Sanderson, Brandon",,,160,4.37,31481,"Jan 26, 2016",not set,not set,Mistborn,3
"Lies of the Beholder (Legion, #3)","Sanderson, Brandon",9781596068858.0,159606885X,148,4.12,4864,"Sep 20, 2018","Aug 21, 2020","Aug 22, 2020",Legion,3
"Skin Deep (Legion, #2)","Sanderson, Brandon",,,208,4.13,18084,"Nov 24, 2014","Aug 21, 2020","Aug 22, 2020",Legion,2
"The Doors of Stone (The Kingkiller Chronicle, #3)","Rothfuss, Patrick",9780575081444.0,0575081449,896,3.66,3919,unknown,not set,not set,The Kingkiller Chronicle,3
Rogues,"Martin, George R.R.",9780345537263.0,0345537262,806,3.89,21668,"Jun 17, 2014",not set,not set,StandAlone,1
How Old Holly Came to Be,"Rothfuss, Patrick",,,11,3.3,713,"Jun 21, 2013",not set,not set,StandAlone,1
"New Spring (The Wheel of Time, #0)","Jordan, Robert",9781841492612.0,1841492612,423,4.03,85584,"Jan 06, 2004","Aug 11, 2020","Aug 26, 2020",The Wheel of Time,0
"The Strike at Shayol Ghul (The Wheel of Time, #0.1)","Jordan, Robert",,,7,3.9,5223,1996,not set,not set,The Wheel of Time,0
"The Dragon Reborn (The Wheel of Time, #3)","Jordan, Robert",9780765305114.0,0765305119,624,4.25,228049,"Oct 15, 1991","Jul 23, 2020","Jul 25, 2020",The Wheel of Time,3
"The Shadow Rising (The Wheel of Time, #4)","Jordan, Robert",9780812513738.0,0812513738,"1,007",4.23,184169,"Sep 15, 1992","Jul 25, 2020","Jul 28, 2020",The Wheel of Time,4
"The Fires of Heaven (The Wheel of Time, #5)","Jordan, Robert",9781857232097.0,1857232097,912,4.15,149299,"Oct 15, 1993","Jul 28, 2020","Jul 29, 2020",The Wheel of Time,5
"Lord of Chaos (The Wheel of Time, #6)","Jordan, Robert",9780812513752.0,0812513754,"1,011",4.13,138964,"Oct 15, 1994","Jul 29, 2020","Jul 31, 2020",The Wheel of Time,6
"A Crown of Swords (The Wheel of Time, #7)","Jordan, Robert",9780812550283.0,0812550285,880,4.03,135113,"May 15, 1996",not set,not set,The Wheel of Time,7
"The Path of Daggers (The Wheel of Time, #8)","Jordan, Robert",9780812550290.0,0812550293,685,3.91,116446,"Oct 20, 1998","Aug 02, 2020","Aug 03, 2020",The Wheel of Time,8
"Winter's Heart (The Wheel of Time, #9)","Jordan, Robert",9780812575583.0,081257558X,780,3.94,111696,"Nov 07, 2000","Aug 03, 2020","Aug 04, 2020",The Wheel of Time,9
"Crossroads of Twilight (The Wheel of Time, #10)","Jordan, Robert",9780312864590.0,0312864590,704,3.8,99598,"Jan 07, 2003","Aug 04, 2020","Aug 04, 2020",The Wheel of Time,1
"Knife of Dreams (The Wheel of Time, #11)","Jordan, Robert",9780812577563.0,0812577566,860,4.14,108759,"Oct 03, 2005","Aug 04, 2020","Aug 06, 2020",The Wheel of Time,1
"The Gathering Storm (The Wheel of Time, #12)","Jordan, Robert",9780765302304.0,0765302306,783,4.36,135526,"Nov 07, 2009","Aug 06, 2020","Aug 08, 2020",The Wheel of Time,1
"Towers of Midnight (The Wheel of Time, #13)","Jordan, Robert",9780765325945.0,0765325942,863,4.41,133103,"Nov 02, 2010","Aug 08, 2020","Aug 09, 2020",The Wheel of Time,1
"Awakening (Infinity Blade, #1)","Sanderson, Brandon",,,128,3.84,10321,"Jun 18, 2011","Jul 15, 2020","Aug 21, 2020",Infinity Blade,1
"Redemption (Infinity Blade, #2)","Sanderson, Brandon",9780983943020.0,0983943028,200,3.88,5339,"Sep 03, 2013","Aug 21, 2020","Aug 21, 2020",Infinity Blade,2
"The Voyage of the Dawn Treader (Chronicles of Narnia, #3)","Lewis, C.S.",9780061125270.0,006112527X,248,4.08,417565,"Sep 15, 1952",not set,not set,Chronicles of Narnia,3
"The Silver Chair (Chronicles of Narnia, #4)","Lewis, C.S.",,,243,3.95,257807,"Sep 07, 1953",not set,not set,Chronicles of Narnia,4
"The Magician's Nephew (Chronicles of Narnia, #6)","Lewis, C.S.",9780060764906.0,0060764902,221,4.04,444742,"May 02, 1955","Oct 31, 2020","Nov 04, 2020",Chronicles of Narnia,6
"The Last Battle (Chronicles of Narnia, #7)","Lewis, C.S.",9780007202324.0,0007202326,288,4.01,239947,"Sep 04, 1956",not set,not set,Chronicles of Narnia,7
The Way of Kings Prime,"Sanderson, Brandon",,,803,3.88,344,"Jul 07, 2020",not set,not set,StandAlone,1
"The Winds of Winter (A Song of Ice and Fire, #6)","Martin, George R.R.",9780002247412.0,0002247410,,4.4,8722,unknown,not set,not set,A Song of Ice and Fire,6
"A Dream of Spring (A Song of Ice and Fire, #7)","Martin, George R.R.",,,,4.38,1859,unknown,not set,not set,A Song of Ice and Fire,7
"The Lies of Locke Lamora (Gentleman Bastard, #1)","Lynch, Scott",,,752,4.26,247942,"Jun 01, 2006",not set,not set,Gentleman Bastard,1
"Red Seas Under Red Skies (Gentleman Bastard, #2)","Lynch, Scott",,,578,4.22,121996,"Jun 21, 2007",not set,not set,Gentleman Bastard,2
"The Republic of Thieves (Gentleman Bastard, #3)","Lynch, Scott",9780553804690.0,0553804693,650,4.19,92267,"Oct 08, 2013",not set,not set,Gentleman Bastard,3
"The Thorn of Emberlain (Gentleman Bastard, #4)","Lynch, Scott",9780575079588.0,0575079584,512,4.28,2203,unknown,not set,not set,Gentleman Bastard,4
"A Memory of Light (The Wheel of Time, #14)","Jordan, Robert",9780765325952.0,0765325950,912,4.5,116875,"Jan 08, 2013","Aug 09, 2020","Aug 11, 2020",The Wheel of Time,1
"Dragons of Autumn Twilight  (Dragonlance: Chronicles, #1)","Weis, Margaret",9780786915743.0,0786915749,444,3.98,112865,"Nov 12, 1984",not set,not set,Dragonlance: Chronicles,1
"Dragons of Winter Night (Dragonlance: Chronicles, #2)","Weis, Margaret",9781932796780.0,1932796789,358,4.09,49851,Apr 1985,not set,not set,Dragonlance: Chronicles,2
"Dragons of Spring Dawning (Dragonlance: Chronicles, #3)","Weis, Margaret",9780786930708.0,0786930705,352,4.09,57221,"Sep 12, 1985",not set,not set,Dragonlance: Chronicles,3
White Sand,"Sanderson, Brandon",,,995,4.16,1386,unknown,"Aug 11, 2020","Aug 20, 2020",StandAlone,1
"American Gods (American Gods, #1)","Gaiman, Neil",,,635,4.1,805992,"Jun 19, 2001",not set,not set,American Gods,1
Sixth of the Dusk,"Sanderson, Brandon",,,59,4.25,14297,"Oct 16, 2014","Aug 21, 2020","Aug 27, 2020",StandAlone,1
"The Eleventh Metal (Mistborn, #0.5)","Sanderson, Brandon",,,21,3.86,8530,"Apr 11, 2012",not set,Jan 2020,Mistborn,0
Shadows for Silence in the Forests of Hell,"Sanderson, Brandon",,,50,4.2,14732,"Dec 03, 2013","Aug 21, 2020","Aug 25, 2020",StandAlone,1
"White Sand, Volume 1 (White Sand, #1)","Sanderson, Brandon",9781606908853.0,1606908855,160,3.64,11384,"Jun 21, 2016",not set,not set,White Sand,1
"Storm Front (The Dresden Files, #1)","Butcher, Jim",9780451457813.0,0451457811,355,3.98,314943,Apr 2000,"Aug 25, 2020","Aug 25, 2020",The Dresden Files,1
"Fool Moon (The Dresden Files, #2)","Butcher, Jim",9780451458124.0,0451458125,401,4.0,175712,"Jan 01, 2001","Aug 25, 2020","Aug 29, 2020",The Dresden Files,2
"The Lost Sisters (The Folk of the Air, #1.5)","Black, Holly",9780316310444.0,,50,3.54,27280,"Oct 02, 2018","Aug 26, 2020","Aug 27, 2020",The Folk of the Air,1
"The Selection (The Selection, #1)","Cass, Kiera",9780062059932.0,0062059939,336,4.12,1043508,"Apr 24, 2012","Aug 29, 2020","Aug 30, 2020",The Selection,1
"The Elite (The Selection, #2)","Cass, Kiera",9780062059963.0,0062059963,336,4.0,506838,"Apr 23, 2013","Aug 30, 2020","Aug 30, 2020",The Selection,2
"The One (The Selection, #3)","Cass, Kiera",9780062059994.0,0062059998,323,4.19,453376,"May 06, 2014","Aug 30, 2020","Aug 31, 2020",The Selection,3
"The Prince (The Selection, #0.5)","Cass, Kiera",9780062248169.0,0062248162,64,3.93,70544,"Mar 05, 2013","Aug 31, 2020","Aug 31, 2020",The Selection,0
"Red Queen (Red Queen, #1)","Aveyard, Victoria",9780062310637.0,0062310631,383,4.04,661068,"Feb 10, 2015","Aug 31, 2020",Sep 2020,Red Queen,1
"Glass Sword (Red Queen, #2)","Aveyard, Victoria",9780062310668.0,0062310666,444,3.86,238861,"Feb 09, 2016",Sep 2020,"Sep 02, 2020",Red Queen,2
"A Wizard of Earthsea (Earthsea Cycle, #1)","Le Guin, Ursula K.",9780553383041.0,0553383043,183,3.99,262367,1968,not set,not set,Earthsea Cycle,1
"Royal Assassin (Farseer Trilogy, #2)","Hobb, Robin",,,675,4.22,161582,Mar 1996,"Sep 21, 2020","Oct 21, 2020",Farseer Trilogy,2
"Red Rising (Red Rising Saga, #1)","Brown, Pierce",9780345539786.0,0345539788,382,4.23,277021,"Jan 28, 2014","Sep 28, 2020","Sep 29, 2020",Red Rising Saga,1
"Golden Son (Red Rising Saga, #2)","Brown, Pierce",9780345539823.0,0345539826,430,4.44,161870,"Jan 06, 2015","Sep 29, 2020","Sep 30, 2020",Red Rising Saga,2
"Morning Star (Red Rising Saga, #3)","Brown, Pierce",9780345539847.0,0345539842,524,4.48,134624,"Feb 09, 2016",Oct 2020,"Oct 02, 2020",Red Rising Saga,3
Alice's Adventures in Wonderland / Through the Looking-Glass,"Carroll, Lewis",9780451527745.0,0451527747,239,4.06,487168,1871,not set,not set,StandAlone,1
"The Shadow of What Was Lost (The Licanius Trilogy, #1)","Islington, James",9780992580209.0,099258020X,602,4.14,31182,"Aug 03, 2014","Oct 21, 2020","Oct 25, 2020",The Licanius Trilogy,1
"An Echo of Things to Come (The Licanius Trilogy, #2)","Islington, James",9780316274111.0,0316274119,752,4.27,16177,"Aug 24, 2017","Oct 25, 2020","Oct 28, 2020",The Licanius Trilogy,2
"The Light of All That Falls (The Licanius Trilogy, #3)","Islington, James",9780356507835.0,,864,4.43,9926,"Dec 10, 2019","Oct 28, 2020","Oct 30, 2020",The Licanius Trilogy,3
"The Iron Trial (Magisterium, #1)","Black, Holly",9780545522250.0,0545522250,295,3.95,64850,"Sep 09, 2014","Nov 05, 2020","Nov 07, 2020",Magisterium,1
"How the King of Elfhame Learned to Hate Stories (The Folk of the Air, #3.5)","Black, Holly",9780316540827.0,,200,4.26,43267,"Nov 24, 2020","Nov 25, 2020","Nov 25, 2020",The Folk of the Air,3
"The Copper Gauntlet (Magisterium, #2)","Black, Holly",9780545522281.0,0545522285,264,4.13,29890,"Sep 01, 2015","Nov 07, 2020","Nov 08, 2020",Magisterium,2
"Dawnshard (The Stormlight Archive, #3.5)","Sanderson, Brandon",,,208,4.55,23286,"Nov 05, 2020","Nov 07, 2020","Nov 10, 2020",The Stormlight Archive,3
"The Bronze Key (Magisterium,  #3)","Black, Holly",9780545522311.0,0545522315,249,4.11,19432,"Aug 30, 2016","Nov 08, 2020","Nov 08, 2020",Magisterium,3
The Silver Mask (Magisterium #4),"Black, Holly",9780545522397.0,,200,4.07,14009,"Aug 29, 2017","Nov 08, 2020","Nov 09, 2020",Magisterium #4),4
"The Golden Tower (Magisterium, #5)","Black, Holly",9780545522427.0,,256,4.02,10631,"Sep 11, 2018","Nov 09, 2020","Nov 09, 2020",Magisterium,5
"Alcatraz Versus the Evil Librarians (Alcatraz, #1)","Sanderson, Brandon",9780439925501.0,0439925509,308,3.9,23005,"Oct 01, 2007","Nov 16, 2020","Nov 16, 2020",Alcatraz,1
"Alcatraz Versus the Scrivener's Bones (Alcatraz, #2)","Sanderson, Brandon",9780439925532.0,0439925533,322,4.12,11968,"Nov 01, 2008","Nov 16, 2020","Nov 23, 2020",Alcatraz,2
"Alcatraz Versus the Knights of Crystallia (Alcatraz, #3)","Sanderson, Brandon",9780439925556.0,043992555X,299,4.12,9773,Oct 2009,"Nov 23, 2020","Nov 24, 2020",Alcatraz,3
"Alcatraz Versus the Shattered Lens (Alcatraz, #4)","Sanderson, Brandon",9780439925570.0,0439925576,294,4.12,8378,"Dec 01, 2010","Nov 25, 2020","Nov 25, 2020",Alcatraz,4
"The Dark Talent (Alcatraz, #5)","Sanderson, Brandon",9780765381408.0,0765381400,281,4.1,5030,"Sep 06, 2016","Nov 25, 2020","Nov 25, 2020",Alcatraz,5
"Mort (Discworld, #4; Death, #1)","Pratchett, Terry",9780061020681.0,0061020680,243,4.21,212351,"Nov 12, 1987","Nov 27, 2020",Dec 2020,Discworld,1
Murder on the Orient Express,"Christie, Agatha",,,289,4.18,430913,"Jan 01, 1934",not set,not set,StandAlone,1
"The Throne of Fire (Kane Chronicles, #2)","Riordan, Rick",9781423142010.0,1423142012,452,4.17,181264,"May 03, 2011",not set,not set,Kane Chronicles,2
The Mill on the Floss,"Eliot, George",9788175993839.0,8175993839,560,3.8,49405,1860,not set,not set,StandAlone,1
Flatland: A Romance of Many Dimensions,"Abbott, Edwin A.",9780486272634.0,048627263X,96,3.81,62130,1884,not set,not set,StandAlone,1
David Copperfield,"Dickens, Charles",9788175994287.0,8175994282,924,4.0,207346,1850,not set,not set,StandAlone,1
In Search of Schrödinger's Cat: Quantum Physics and Reality,"Gribbin, John",,,400,4.05,19008,Sep 1984,not set,not set,StandAlone,1
The Elegant Universe,"Greene, Brian",9780099289920.0,009928992X,464,4.07,90556,"Feb 01, 1999",not set,not set,StandAlone,1
"Surely You're Joking, Mr. Feynman!","Feynman, Richard",9780099173311.0,009917331X,350,4.25,172423,1985,not set,not set,StandAlone,1
"One, Two, Three...Infinity: Facts and Speculations of Science","Gamow, George",9780486256641.0,0486256642,384,4.2,3405,1947,not set,not set,StandAlone,1
The Universe: A Biography,"Gribbin, John",9780141021478.0,0141021470,242,3.89,339,"Jan 25, 2007",not set,not set,StandAlone,1
A Brief History Of Time: From the Big Bang To Black Holes,"Hawking, Stephen",9780553175219.0,0553175211,220,4.19,335861,"Apr 01, 1988",not set,not set,StandAlone,1
Prema (Hindi),"Premchand, Munshi",,,172,3.99,217,"Jun 26, 2014",not set,not set,Hindi),1
The Merchant of Venice,"Shakespeare, William",,,140,3.8,165197,1596,not set,not set,StandAlone,1
प्रेमाश्रम [Premashram],"Premchand, Munshi",,,722,4.19,157,1956,not set,not set,StandAlone,1
Concepts of Physics (Part 1),"Verma, H.C.",,,456,4.35,1285,1999,not set,not set,Part 1),1
तितली,"प्रसाद, जयशंकर",,,300,3.95,280,"Jan 01, 1985",not set,not set,StandAlone,1
Jane Austen: Seven Novels,"Austen, Jane",,,"2,398",4.56,30506,"Jan 28, 1813",not set,not set,StandAlone,1
"The Search for Superstrings, Symmetry, and the Theory of Everything","Gribbin, John",9780316326148.0,0316326143,224,3.87,425,1998,not set,not set,StandAlone,1
Schrödinger's Kittens and the Search for Reality: Solving the Quantum Mysteries,"Gribbin, John",9780316328197.0,0316328197,272,4.06,1505,1984,not set,not set,StandAlone,1
Foundation and Empire (Foundation #2),"Asimov, Isaac",9780553803723.0,0553803727,256,4.21,167787,1952,not set,not set,Foundation #2),2
Second Foundation (Foundation #3),"Asimov, Isaac",9780553803730.0,0553803735,256,4.25,154859,1953,not set,not set,Foundation #3),3
Foundation's Edge (Foundation #4),"Asimov, Isaac",9780553293388.0,0553293389,450,4.14,73783,"Oct 28, 1982",not set,not set,Foundation #4),4
Foundation and Earth (Foundation #5),"Asimov, Isaac",9780553587579.0,0553587579,500,4.06,59554,1986,not set,not set,Foundation #5),5
Prelude to Foundation,"Asimov, Isaac",,,464,4.13,72431,May 1988,not set,not set,StandAlone,1
Forward the Foundation (Foundation: Prequel #2),"Asimov, Isaac",9780553565072.0,0553565079,464,4.15,47672,1993,not set,not set,Foundation: Prequel #2),2
The Caves of Steel (Robot #1),"Asimov, Isaac",,,206,4.18,83113,Feb 1954,not set,not set,Robot #1),1
"The Naked Sun (Robot, #2)","Asimov, Isaac",,,208,4.16,47257,Dec 1956,not set,not set,Robot,2
"The Robots of Dawn (Robot, #3)","Asimov, Isaac",9780553299496.0,0553299492,435,4.17,41908,1983,not set,not set,Robot,3
"Robots and Empire (Robot, #4)","Asimov, Isaac",9780586062005.0,0586062009,512,4.19,28659,"Aug 20, 1985",not set,not set,Robot,4
The Last Question,"Asimov, Isaac",9781884214493.0,1884214495,9,4.58,20188,Nov 1956,not set,not set,StandAlone,1
Half Girlfriend,"Bhagat, Chetan",9788129135728.0,8129135728,260,3.14,44647,"Sep 30, 2014",not set,not set,StandAlone,1
Five Point Someone: What Not to Do at IIT,"Bhagat, Chetan",9788129104595.0,8129104598,267,3.43,85066,2004,not set,not set,StandAlone,1
2 States: The Story of My Marriage,"Bhagat, Chetan",9788129115300.0,8129115301,269,3.43,88230,"Oct 08, 2009","Jun 05, 2019","Jun 10, 2019",StandAlone,1
A Short History of Nearly Everything,"Bryson, Bill",9780767908184.0,076790818X,544,4.18,327954,"May 06, 2003",not set,not set,StandAlone,1
Cosmos,"Sagan, Carl",9780375508325.0,0375508325,365,4.37,125116,"May 03, 1980",not set,not set,StandAlone,1
"The Fabric of the Cosmos: Space, Time, and the Texture of Reality","Greene, Brian",9780965900584.0,0965900584,569,4.1,36511,2003,not set,not set,StandAlone,1
The Universe in a Nutshell,"Hawking, Stephen",9780553802023.0,055380202X,216,4.17,36747,"Oct 06, 2001",not set,not set,StandAlone,1
Brief Answers to the Big Questions,"Hawking, Stephen",9781984819192.0,1984819194,256,4.3,43591,Oct 2018,not set,not set,StandAlone,1
A Briefer History of Time,"Hawking, Stephen",9780553804362.0,0553804367,176,4.23,32358,1988,not set,not set,StandAlone,1
"Parallel Worlds: A Journey through Creation, Higher Dimensions, and the Future of the Cosmos","Kaku, Michio",9781400033720.0,1400033721,361,4.2,18391,2004,not set,not set,StandAlone,1
"Hyperspace: A Scientific Odyssey Through Parallel Universes, Time Warps, and the Tenth Dimension","Kaku, Michio",9780192861894.0,0192861891,359,4.13,20779,1994,not set,not set,StandAlone,1
Physics of the Future: How Science Will Shape Human Destiny and Our Daily Lives by the Year 2100,"Kaku, Michio",9780385530804.0,0385530803,416,4.0,15777,"Mar 15, 2011",not set,Jan 2019,StandAlone,1
Subtle Is the Lord: The Science and the Life of Albert Einstein,"Pais, Abraham",9780192806727.0,0192806726,552,4.3,1681,1982,not set,not set,StandAlone,1
The Beat of a Different Drum: The Life and Science of Richard Feynman,"Mehra, Jagdish",9780198539483.0,0198539487,662,4.16,76,"Mar 31, 1994",not set,not set,StandAlone,1
Seven Brief Lessons on Physics,"Rovelli, Carlo",9780399184413.0,0399184414,81,3.96,42763,Oct 2014,Jan 2021,"Jan 05, 2021",StandAlone,1
"The Poppy War (The Poppy War, #1)","Kuang, R.F.",9780062662590.0,0062662597,531,4.05,75482,"May 01, 2018","Feb 14, 2021","Feb 18, 2021",The Poppy War,1
"The Dragon Republic (The Poppy War, #2)","Kuang, R.F.",,,658,4.37,25887,"Aug 06, 2019",not set,not set,The Poppy War,2
"The Drowning Faith (The Poppy War, #2.5)","Kuang, R.F.",,,15,4.49,2650,Nov 2020,not set,not set,The Poppy War,2
"The Burning God (The Poppy War, #3)","Kuang, R.F.",9780008339142.0,0008339147,640,4.31,13741,"Nov 17, 2020",not set,not set,The Poppy War,3
Astrophysics for People in a Hurry,"Tyson, Neil deGrasse ",9780393609394.0,0393609391,208,4.07,130867,"May 02, 2017","Feb 19, 2021","Mar 09, 2021",StandAlone,1
Reaper Man (Discworld #11),"Pratchett, Terry",9780552134644.0,0552134643,287,4.25,90558,May 1991,"Feb 27, 2021","Mar 08, 2021",Discworld #11),1
"Shadow and Bone (The Shadow and Bone Trilogy, #1)","Bardugo, Leigh",,,358,3.98,510641,"Jun 05, 2012","Mar 08, 2021","Mar 09, 2021",The Shadow and Bone Trilogy,1
"The Son of Neptune (The Heroes of Olympus, #2)","Riordan, Rick",9781423140597.0,1423140591,513,4.41,455884,"Oct 04, 2011",not set,not set,The Heroes of Olympus,2
"The Red Pyramid (The Kane Chronicles, #1)","Riordan, Rick",9781423113386.0,1423113381,516,4.08,348106,"May 04, 2010",not set,not set,The Kane Chronicles,1
"The House of Hades (The Heroes of Olympus, #4)","Riordan, Rick",9781423146728.0,1423146727,597,4.52,301009,"Oct 08, 2013",not set,not set,The Heroes of Olympus,4
"The Blood of Olympus (The Heroes of Olympus, #5)","Riordan, Rick",9781423146735.0,1484724917,516,4.4,230935,"Oct 07, 2014",not set,not set,The Heroes of Olympus,5
"The Serpent's Shadow (The Kane Chronicles, #3)","Riordan, Rick",9781423140573.0,1423140575,406,4.27,134799,"May 01, 2012",not set,not set,The Kane Chronicles,3
"The Son of Sobek (Percy Jackson & Kane Chronicles Crossover, #1)","Riordan, Rick",,,40,4.26,38909,"May 07, 2013",not set,not set,Percy Jackson & Kane Chronicles Crossover,1
The Staff of Serapis (Percy Jackson & Kane Chronicles Crossover #2),"Riordan, Rick",9781484721346.0,1484721349,60,4.3,25558,"Apr 08, 2014",not set,not set,Percy Jackson & Kane Chronicles Crossover #2),2
The Crown of Ptolemy (Percy Jackson & Kane Chronicles Crossover #3),"Riordan, Rick",9781484709870.0,148470987X,63,4.38,18941,"Mar 01, 2015",not set,not set,Percy Jackson & Kane Chronicles Crossover #3),3
Demigods  Magicians: Percy and Annabeth Meet the Kanes,"Riordan, Rick",9781484732786.0,1484732782,224,4.34,12509,"Apr 05, 2016",not set,not set,StandAlone,1
Percy Jackson and the Singer of Apollo,"Riordan, Rick",,,28,4.07,5370,"Sep 17, 2013",not set,not set,StandAlone,1
"Siege and Storm (The Shadow and Bone Trilogy, #2)","Bardugo, Leigh",,,435,3.9,321306,"Jun 04, 2013","Mar 09, 2021","Mar 10, 2021",The Shadow and Bone Trilogy,2
"Ruin and Rising (The Shadow and Bone Trilogy, #3)","Bardugo, Leigh",,,422,4.06,269179,"Jun 17, 2014","Mar 10, 2021","Mar 10, 2021",The Shadow and Bone Trilogy,3
"Summer Knight (The Dresden Files, #4)","Butcher, Jim",9780451458926.0,0451458923,446,4.25,137243,"Sep 03, 2002","Mar 10, 2021","Mar 20, 2021",The Dresden Files,4
"King of Scars (King of Scars, #1)","Bardugo, Leigh",,,527,4.2,80471,"Jan 29, 2019","Mar 11, 2021","Mar 15, 2021",King of Scars,1
"Six of Crows (Six of Crows, #1)","Bardugo, Leigh",9781627792127.0,1627792120,465,4.46,470597,"Sep 29, 2015","Mar 11, 2021","Mar 12, 2021",Six of Crows,1
"Crooked Kingdom (Six of Crows, #2)","Bardugo, Leigh",,,561,4.59,304956,"Sep 27, 2016","Mar 12, 2021","Mar 13, 2021",Six of Crows,2
"House of Earth and Blood (Crescent City, #1)","Maas, Sarah J.",9781635574043.0,1635574048,803,4.43,148157,"Mar 03, 2020",not set,not set,Crescent City,1
"Rule of Wolves (King of Scars, #2)","Bardugo, Leigh",9781510109186.0,1510109188,592,4.43,36261,"Mar 30, 2021","Mar 29, 2021","Mar 31, 2021",King of Scars,2
Ninth House (Alex Stern #1),"Bardugo, Leigh",9781250313072.0,1250313074,459,4.04,128925,"Oct 08, 2019",not set,not set,Alex Stern #1),1
"The Blade Itself (The First Law, #1)","Abercrombie, Joe",9780575079793.0,0575079797,515,4.17,182142,"May 04, 2006",not set,not set,The First Law,1
"Last Argument of Kings (The First Law, #3)","Abercrombie, Joe",9780575077904.0,0575077905,536,4.28,119781,"Mar 20, 2008",not set,not set,The First Law,3
"Before They Are Hanged (The First Law, #2)","Abercrombie, Joe",9780575077881.0,0575077883,441,4.29,127363,"Mar 15, 2007",not set,not set,The First Law,2
"The Hope of Elantris (Elantris, #1.5)","Sanderson, Brandon",,,25,3.71,10957,2006,not set,not set,Elantris,1
Storm in a Teacup: The Physics of Everyday Life,"Czerski, Helen",,,282,4.02,3204,"Jan 10, 2017","Mar 20, 2021","Apr 29, 2021",StandAlone,1
Fire & Blood (A Targaryen History #1),"Martin, George R.R.",9781524796280.0,152479628X,719,3.88,42278,"Nov 20, 2018",not set,not set,A Targaryen History #1),1
"Breach of Peace (The Lawful Times, #0.1)","Greene, Daniel B.",9780578840789.0,,98,3.67,4570,"Mar 18, 2021",not set,not set,The Lawful Times,0
"Deadhouse Gates (Malazan Book of the Fallen, #2)","Erikson, Steven",9780765310026.0,0765310023,604,4.21,63838,Sep 2000,not set,not set,Malazan Book of the Fallen,2
"Memories of Ice (Malazan Book of the Fallen, #3)","Erikson, Steven",9780765348807.0,0765348802,925,4.43,47405,"Dec 06, 2001",not set,not set,Malazan Book of the Fallen,3
"House of Chains (Malazan Book of the Fallen, #4)","Erikson, Steven",9780765348814.0,0765348810,"1,015",4.34,39450,Dec 2002,not set,not set,Malazan Book of the Fallen,4
"Midnight Tides (Malazan Book of the Fallen, #5)","Erikson, Steven",9780553813142.0,0553813145,960,4.38,33504,"Mar 01, 2004",not set,not set,Malazan Book of the Fallen,5
"The Bonehunters (Malazan Book of the Fallen, #6)","Erikson, Steven",9780553813159.0,0553813153,"1,203",4.46,32651,"Apr 04, 2006",not set,not set,Malazan Book of the Fallen,6
"Toll the Hounds (Malazan Book of the Fallen, #8)","Erikson, Steven",9780765310088.0,0765310082,"1,008",4.35,27162,"Jun 30, 2008",not set,not set,Malazan Book of the Fallen,8
"Reaper's Gale (Malazan Book of the Fallen, #7)","Erikson, Steven",9780593046319.0,0593046315,928,4.38,27950,"May 07, 2007",not set,not set,Malazan Book of the Fallen,7
"Dust of Dreams (Malazan Book of the Fallen, #9)","Erikson, Steven",9780765316554.0,0765316552,"1,280",4.31,24307,"Aug 18, 2009",not set,not set,Malazan Book of the Fallen,9
"The Crippled God (Malazan Book of the Fallen, #10)","Erikson, Steven",9780593046357.0,0593046358,921,4.48,24198,"Feb 15, 2011",not set,not set,Malazan Book of the Fallen,1
"Cinder (The Lunar Chronicles, #1)","Meyer, Marissa",,,400,4.13,750628,"Jan 03, 2012","Apr 07, 2021","Apr 08, 2021",The Lunar Chronicles,1
"Scarlet (The Lunar Chronicles, #2)","Meyer, Marissa",9780312642969.0,0312642962,454,4.26,343328,"Feb 05, 2013","Apr 08, 2021","Apr 09, 2021",The Lunar Chronicles,2
"Cress (The Lunar Chronicles, #3)","Meyer, Marissa",9780312642976.0,0312642970,552,4.41,303816,"Feb 04, 2014","Apr 10, 2021","Apr 10, 2021",The Lunar Chronicles,3
"Winter (The Lunar Chronicles, #4)","Meyer, Marissa",9780312642983.0,0312642989,827,4.42,220844,"Nov 10, 2015","Apr 10, 2021","Apr 11, 2021",The Lunar Chronicles,4
"Renegades (Renegades, #1)","Meyer, Marissa",9781250044662.0,1250044669,556,4.14,82958,"Nov 07, 2017","Apr 15, 2021","Apr 16, 2021",Renegades,1
"Archenemies (Renegades, #2)","Meyer, Marissa",9781250311443.0,1250311446,560,4.3,44225,"Nov 06, 2018","Apr 16, 2021","Apr 16, 2021",Renegades,2
"Supernova (Renegades, #3)","Meyer, Marissa",9781250078384.0,1250078385,552,4.42,34432,"Nov 05, 2019","Apr 16, 2021","Apr 17, 2021",Renegades,3
"From Blood and Ash (Blood And Ash, #1)","Armentrout, Jennifer L.",9781952457005.0,1952457009,625,4.31,133721,"Mar 29, 2020",not set,not set,Blood And Ash,1
To Sleep in a Sea of Stars,"Paolini, Christopher",9781250762849.0,1250762847,878,3.81,25531,"Sep 15, 2020",not set,not set,StandAlone,1
The Night Circus,"Morgenstern, Erin",9780385534635.0,0385534639,391,4.03,752837,"Sep 13, 2011","Apr 13, 2021","Apr 13, 2021",StandAlone,1
"The Young Elites (The Young Elites, #1)","Lu, Marie",9780399167836.0,0399167838,355,3.87,121810,"Oct 07, 2014",not set,not set,The Young Elites,1
"The Rose Society (The Young Elites, #2)","Lu, Marie",9780399167843.0,0399167846,398,4.05,53171,"Oct 13, 2015",not set,not set,The Young Elites,2
"The Midnight Star (The Young Elites, #3)","Lu, Marie",9780399167850.0,0399167854,316,4.13,34840,"Oct 11, 2016",not set,not set,The Young Elites,3
"Legend (Legend, #1)","Lu, Marie",,,305,4.16,447526,"Nov 29, 2011","Apr 18, 2021","Apr 18, 2021",Legend,1
"Prodigy (Legend, #2)","Lu, Marie",9780399256769.0,0399256768,371,4.25,220439,"Jan 29, 2013","Apr 18, 2021","Apr 20, 2021",Legend,2
"Champion (Legend, #3)","Lu, Marie",9780399256776.0,0399256776,369,4.33,182862,"Nov 05, 2013","Apr 20, 2021","Apr 21, 2021",Legend,3
"Shatter Me (Shatter Me, #1)","Mafi, Tahereh",,,357,3.93,335129,"Nov 15, 2011",not set,not set,Shatter Me,1
"Destroy Me (Shatter Me, #1.5)","Mafi, Tahereh",9780062208194.0,0062208195,111,4.19,80004,"Oct 02, 2012",not set,not set,Shatter Me,1
"Unravel Me (Shatter Me, #2)","Mafi, Tahereh",9780062085535.0,0062085530,461,4.2,198000,"Feb 05, 2013",not set,not set,Shatter Me,2
"Ignite Me (Shatter Me, #3)","Mafi, Tahereh",,,421,4.38,161263,"Feb 04, 2014",not set,not set,Shatter Me,3
"Restore Me (Shatter Me, #4)","Mafi, Tahereh",9780062676368.0,0062676369,435,4.16,49724,"Mar 06, 2018",not set,not set,Shatter Me,4
"Defy Me (Shatter Me, #5)","Mafi, Tahereh",9780062676399.0,0062676393,357,4.16,35113,"Apr 02, 2019",not set,not set,Shatter Me,5
"Imagine Me (Shatter Me, #6)","Mafi, Tahereh",9780062676443.0,006267644X,480,3.75,24180,"Mar 31, 2020",not set,not set,Shatter Me,6
"Air Awakens (Air Awakens, #1)","Kova, Elise",9781932549935.0,1932549935,342,4.0,29805,"Aug 27, 2015","Apr 21, 2021","Apr 23, 2021",Air Awakens,1
"Fire Falling (Air Awakens, #2)","Kova, Elise",9781619849525.0,1619849526,378,4.18,19240,"Nov 19, 2015","Apr 23, 2021","Apr 24, 2021",Air Awakens,2
"Water's Wrath (Air Awakens, #4)","Kova, Elise",9781619844254.0,1619844257,378,4.14,13589,"Apr 26, 2016",not set,not set,Air Awakens,4
"Crystal Crowned (Air Awakens, #5)","Kova, Elise",,,400,4.17,10984,"Jul 12, 2016",not set,not set,Air Awakens,5
"The Time of Contempt (The Witcher, #2)","Sapkowski, Andrzej",9780316219136.0,0316219134,331,4.19,83339,1995,not set,not set,The Witcher,2
"The Last Wish (The Witcher, #0.5)","Sapkowski, Andrzej",,,360,4.12,227252,"Jan 31, 1993",not set,not set,The Witcher,0
"Grave Peril (The Dresden Files, #3)","Butcher, Jim",9780451458445.0,0451458443,378,4.14,149488,"Sep 01, 2001",not set,not set,The Dresden Files,3
"Death Masks (The Dresden Files, #5)","Butcher, Jim",9780451459404.0,0451459407,432,4.27,126626,"Aug 01, 2003",not set,not set,The Dresden Files,5
"Blood Rites (The Dresden Files, #6)","Butcher, Jim",9780451459879.0,0451459873,464,4.28,120030,"Aug 01, 2004",not set,not set,The Dresden Files,6
"Dead Beat (The Dresden Files, #7)","Butcher, Jim",9780451460912.0,045146091X,517,4.38,116456,"May 03, 2005",not set,not set,The Dresden Files,7
"Proven Guilty (The Dresden Files, #8)","Butcher, Jim",9780451461032.0,0451461037,547,4.37,111034,"Feb 01, 2006",not set,not set,The Dresden Files,8
"White Night (The Dresden Files, #9)","Butcher, Jim",9780451461407.0,0451461401,407,4.37,109976,"Apr 03, 2007",not set,not set,The Dresden Files,9
"Small Favor (The Dresden Files, #10)","Butcher, Jim",9780451461896.0,0451461894,420,4.44,97069,"Apr 01, 2008",not set,not set,The Dresden Files,1
"Turn Coat (The Dresden Files, #11)","Butcher, Jim",9780451462565.0,0451462564,418,4.41,96215,"Apr 07, 2009",not set,not set,The Dresden Files,1
"Changes (The Dresden Files, #12)","Butcher, Jim",9780451463173.0,045146317X,438,4.49,103279,"Apr 06, 2010",not set,not set,The Dresden Files,1
"Cold Days (The Dresden Files, #14)","Butcher, Jim",9780451464408.0,0451464400,515,4.45,92616,"Nov 27, 2012",not set,not set,The Dresden Files,1
"Skin Game (The Dresden Files, #15)","Butcher, Jim",9780451464392.0,0451464397,454,4.56,73889,"May 27, 2014",not set,not set,The Dresden Files,1
"Peace Talks (The Dresden Files, #16)","Butcher, Jim",9780451464415.0,0451464419,340,4.2,31766,"Jul 14, 2020",not set,not set,The Dresden Files,1
Pride and Prejudice,"Austen, Jane",9780192802385.0,0192802380,333,4.27,3261579,"Jan 28, 1813",not set,not set,StandAlone,1
"Aurora Rising (The Aurora Cycle, #1)","Kaufman, Amie",9781524720964.0,1524720968,473,4.14,42931,"May 06, 2019","Apr 29, 2021","Apr 30, 2021",The Aurora Cycle,1
"Earth's End (Air Awakens, #3)","Kova, Elise",9781619844223.0,1619844222,350,4.16,15082,"Feb 10, 2016",not set,not set,Air Awakens,3
"Aurora Burning (The Aurora Cycle, #2)","Kaufman, Amie",9781524720926.0,1524720925,495,4.34,18566,"May 05, 2020",not set,not set,The Aurora Cycle,2
"Aurora's End (The Aurora Cycle, #3)","Kaufman, Amie",9781524720889.0,1524720887,384,4.11,140,"Nov 09, 2021",not set,not set,The Aurora Cycle,3
"The Emperor's Blades (Chronicle of the Unhewn Throne, #1)","Staveley, Brian",9780765336408.0,0765336405,480,4.05,39687,"Jan 14, 2014",not set,not set,Chronicle of the Unhewn Throne,1
"The Providence of Fire (Chronicle of the Unhewn Throne, #2)","Staveley, Brian",9780765336415.0,0765336413,608,4.12,21038,"Jan 13, 2015",not set,not set,Chronicle of the Unhewn Throne,2
"The Last Mortal Bond (Chronicle of the Unhewn Throne, #3)","Staveley, Brian",,,897,4.06,14909,"Mar 15, 2016",not set,not set,Chronicle of the Unhewn Throne,3
"The Black Prism (Lightbringer, #1)","Weeks, Brent",9780316075558.0,0316075558,629,4.21,109410,"Aug 25, 2010",May 2021,"May 02, 2021",Lightbringer,1
"The Blinding Knife (Lightbringer, #2)","Weeks, Brent",9780316079914.0,031607991X,671,4.38,80116,"Sep 01, 2012","May 02, 2021","May 04, 2021",Lightbringer,2
"The Broken Eye (Lightbringer, #3)","Weeks, Brent",,,846,4.46,53478,"Aug 26, 2014","May 04, 2021","May 07, 2021",Lightbringer,3
"The Blood Mirror (Lightbringer, #4)","Weeks, Brent",9780316251334.0,031625133X,704,4.34,37739,"Nov 16, 2015","May 07, 2021","May 09, 2021",Lightbringer,4
"The Burning White (Lightbringer, #5)","Weeks, Brent",9780316251303.0,0316251305,992,4.29,22319,"Oct 22, 2019","May 09, 2021","May 13, 2021",Lightbringer,5
"King's Cage (Red Queen, #3)","Aveyard, Victoria",9780062310712.0,0062310712,528,3.97,154075,"Feb 07, 2017",not set,not set,Red Queen,3
"War Storm (Red Queen, #4)","Aveyard, Victoria",9780062422996.0,0062422995,662,3.88,92369,"May 15, 2018",not set,not set,Red Queen,4
"The Lion, the Witch and the Wardrobe (Chronicles of Narnia, #1)","Lewis, C.S.",,,206,4.22,2280924,"Oct 16, 1950",not set,not set,Chronicles of Narnia,1
"The Horse and His Boy (Chronicles of Narnia, #5)","Lewis, C.S.",9780439861366.0,0439861365,224,3.91,297271,"Sep 06, 1954",not set,not set,Chronicles of Narnia,5
"The Way of Shadows (Night Angel, #1)","Weeks, Brent",9780316033671.0,0316033677,645,4.13,156118,Oct 2008,not set,not set,Night Angel,1
"Shadow's Edge (Night Angel, #2)","Weeks, Brent",9780316033657.0,0316033650,636,4.24,97094,Nov 2008,not set,not set,Night Angel,2
"Beyond the Shadows (Night Angel, #3)","Weeks, Brent",9780316033664.0,0316033669,689,4.25,93539,"Dec 01, 2008",not set,not set,Night Angel,3
A Tale of Two Cities,"Dickens, Charles",9780141439600.0,0141439602,489,3.85,843101,"Nov 26, 1859",not set,not set,StandAlone,1
Oliver Twist,"Dickens, Charles",,,608,3.87,337359,1838,not set,not set,StandAlone,1
Hard Times,"Dickens, Charles",9780321107213.0,0321107217,353,3.53,60805,1854,not set,not set,StandAlone,1
Uncle Tom's Cabin,"Stowe, Harriet Beecher",,,438,3.88,206749,1851,not set,not set,StandAlone,1
In Search of the Multiverse,"Gribbin, John",9781846141133.0,1846141133,250,4.09,1164,"Aug 27, 2009",not set,not set,StandAlone,1
Deep Simplicity: Bringing Order to Chaos and Complexity,"Gribbin, John",9781400062560.0,140006256X,279,3.94,1115,2004,not set,not set,StandAlone,1
The Scientists: A History of Science Told Through the Lives of Its Greatest Inventors,"Gribbin, John",9780812967883.0,0812967887,672,4.08,1477,2002,not set,not set,StandAlone,1
The Time Illusion (Kindle Single),"Gribbin, John",,,35,4.08,508,unknown,not set,not set,Kindle Single),1
Computing with Quantum Cats: From Colossus to Qubits,"Gribbin, John",9780593071151.0,0593071158,304,3.73,431,"Jun 20, 2013","May 14, 2021",not set,StandAlone,1
13.8: The Quest to Find the True Age of the Universe and the Theory of Everything,"Gribbin, John",9780300218275.0,0300218273,256,4.09,290,"Oct 01, 2015",not set,not set,StandAlone,1
In Search of the Big Bang,"Gribbin, John",9780552131469.0,0552131466,432,3.96,250,1986,not set,not set,StandAlone,1
Einstein's Masterwork: 1915 and the General Theory of Relativity,"Gribbin, John",9781681772127.0,1681772124,240,4.03,207,"May 07, 2015",not set,not set,StandAlone,1
The Birth of Time: How Astronomers Measure the Age of the Universe,"Gribbin, John",9780300083460.0,0300083467,237,3.88,162,"Mar 11, 1999",not set,not set,StandAlone,1
"In Search of the Edge of Time: Black Holes, White Holes, Wormholes","Gribbin, John",9780140248142.0,0140248145,288,3.93,137,1992,not set,not set,StandAlone,1
Harry Potter and the Philosopher's Stone,"Rowling, J.K.",9781408855652.0,1408855658,332,4.47,7680626,"Jun 26, 1997",not set,not set,StandAlone,1
"An Ember in the Ashes (An Ember in the Ashes, #1)","Tahir, Sabaa",,,446,4.26,217107,"Apr 28, 2015","May 14, 2021","May 17, 2021",An Ember in the Ashes,1
"A Torch Against the Night (An Ember in the Ashes, #2)","Tahir, Sabaa",,,467,4.24,116328,"Aug 30, 2016","May 17, 2021","May 20, 2021",An Ember in the Ashes,2
"A Reaper at the Gates (An Ember in the Ashes, #3)","Tahir, Sabaa",9780448494500.0,0448494507,458,4.22,54801,"Jun 12, 2018","May 20, 2021","May 28, 2021",An Ember in the Ashes,3
"Gardens of the Moon (The Malazan Book of the Fallen, #1)","Erikson, Steven",,,772,3.88,99189,Apr 1999,not set,not set,The Malazan Book of the Fallen,1
Sunreach (Skyward #3.1),"Sanderson, Brandon",,,,0.0,0,unknown,not set,not set,Skyward #3.1),3
ReDawn (Skyward #3.2),"Sanderson, Brandon",,,,5.0,1,unknown,not set,not set,Skyward #3.2),3
"Cytonic (Skyward, #3)","Sanderson, Brandon",9781473217935.0,1473217938,432,4.42,90,"Nov 23, 2021",not set,not set,Skyward,3
"A ​Sky Beyond the Storm (An Ember in the Ashes, #4)","Tahir, Sabaa",9780008288815.0,000828881X,516,4.38,23124,"Dec 01, 2020","May 28, 2021","Jun 04, 2021",An Ember in the Ashes,4
"The Hitchhiker's Guide to the Galaxy (Hitchhiker's Guide to the Galaxy, #1)","Adams, Douglas",,,193,4.22,1538963,"Oct 12, 1979","May 29, 2021","Jun 08, 2021",Hitchhiker's Guide to the Galaxy,1
"Life, the Universe and Everything (Hitchhiker's Guide to the Galaxy, #3)","Adams, Douglas",9780345418906.0,0345418905,224,4.19,205777,"Dec 29, 1982",not set,not set,Hitchhiker's Guide to the Galaxy,3
"The Restaurant at the End of the Universe (Hitchhiker's Guide to the Galaxy, #2)","Adams, Douglas",,,250,4.2,246526,"Oct 12, 1980","Jun 08, 2021","Jun 21, 2021",Hitchhiker's Guide to the Galaxy,2
"So Long, and Thanks for All the Fish (The Hitchhiker's Guide to the Galaxy, #4)","Adams, Douglas",,,225,4.09,150961,"Oct 12, 1984",not set,not set,The Hitchhiker's Guide to the Galaxy,4
"Mostly Harmless (Hitchhiker's Guide to the Galaxy, #5)","Adams, Douglas",9780345379337.0,0345379330,288,3.96,117899,"Oct 12, 1992",not set,not set,Hitchhiker's Guide to the Galaxy,5
"The Stone Sky (The Broken Earth, #3)","Jemisin, N.K.",,,416,4.31,91594,"Aug 15, 2017",not set,not set,The Broken Earth,3
"The Fifth Season (The Broken Earth, #1)","Jemisin, N.K.",,,468,4.28,181413,"Aug 04, 2015","Jun 19, 2021","Jun 26, 2021",The Broken Earth,1
"The Obelisk Gate (The Broken Earth, #2)","Jemisin, N.K.",,,410,4.28,110331,"Aug 16, 2016","Jun 26, 2021",not set,The Broken Earth,2
"Realm Breaker (Realm Breaker, #1)","Aveyard, Victoria",,,576,3.8,4767,"May 04, 2021","Jun 10, 2021","Jun 15, 2021",Realm Breaker,1
